pd_itm_no,pd_itm_no_ma,pd_grp_no,pd_abrv_nm,lseg_key,ter,replication,base_market,base_asset,hedge_type,charge_rt_final,charge_rt_source
KR70000Z0003,A0000Z0,ETF,RISE 바이오TOP10액티브,0000Z0,0.5,실물(액티브),국내,주식,환노출,0.5,LSEG
KR70005C0005,A0005C0,ETF,RISE 미국S&P500엔화노출(합성 H),0005C0,0.1,합성(패시브),해외,주식,환노출,0.1,LSEG
KR70007F0000,A0007F0,ETF,KODEX 27-12 회사채(AA-이상)액티브,0007F0,0.09,실물(액티브),국내,채권,환노출,0.09,LSEG
KR70007N0000,A0007N0,ETF,아이엠에셋 200,0007N0,0.05,실물(패시브),국내,주식,환노출,0.05,LSEG
KR70013P0000,A0013P0,ETF,RISE 미국은행TOP10,0013P0,0.2,실물(패시브),해외,주식,환노출,0.2,LSEG
KR70015F0000,A0015F0,ETF,KIWOOM 팔란티어미국30년국채혼합액티브(H),0015F0,0.19,실물(액티브),해외,혼합자산,환헤지,0.19,LSEG
KR70020H0001,A0020H0,ETF,KoAct 글로벌양자컴퓨팅액티브,0020H0,0.5,실물(액티브),국내&해외,주식,환노출,0.5,LSEG
KRG520000438,Q520043,ETN,미래에셋 S&P 유럽탄소배출권 선물 ETN,520043,,,,,,,
KR70021D0004,A0021D0,ETF,ACE TDF2030액티브 적격,0021D0,0.3,실물(액티브),국내&해외,혼합자산,환노출,0.3,LSEG
KR70022T0005,A0022T0,ETF,SOL 국제금커버드콜액티브,0022T0,0.45,실물(액티브),해외,원자재,환노출,0.45,LSEG
KR70026S0002,A0026S0,ETF,1Q 미국S&P500,0026S0,0.005,실물(패시브),해외,주식,환노출,0.005,LSEG
KR70048J0007,A0048J0,ETF,KODEX 미국머니마켓액티브,0048J0,0.05,실물(액티브),해외,채권,환노출,0.05,LSEG
KR70049M0001,A0049M0,ETF,ACE 미국배당퀄리티+커버드콜액티브,0049M0,0.15,실물(액티브),해외,주식,환노출,0.15,LSEG
KR70052T0008,A0052T0,ETF,1Q 중단기회사채(A-이상)액티브,0052T0,0.05,실물(액티브),국내,채권,환노출,0.05,LSEG
KR70053L0005,A0053L0,ETF,TIGER 차이나휴머노이드로봇,0053L0,0.49,실물(패시브),해외,주식,환노출,0.49,LSEG
KR70060H0002,A0060H0,ETF,TIGER 토탈월드스탁액티브,0060H0,0.25,실물(액티브),해외,주식,환노출,0.25,LSEG
KR70072R0006,A0072R0,ETF,TIGER KRX금현물,0072R0,0.15,실물(패시브),국내,원자재,환노출,0.15,LSEG
KR70086C0007,A0086C0,ETF,TIGER 리츠부동산인프라10채권혼합액티브,0086C0,0.15,실물(액티브),국내,혼합자산,환노출,0.15,LSEG
KR70094M0005,A0094M0,ETF,RISE 코리아밸류업위클리고정커버드콜,0094M0,0.3,실물(패시브),국내,주식,환노출,0.3,LSEG
KR70098F0000,A0098F0,ETF,KODEX 원자력SMR,0098F0,0.45,실물(패시브),국내,주식,환노출,0.45,LSEG
KR70098N0000,A0098N0,ETF,PLUS 자사주매입고배당주,0098N0,0.3,실물(패시브),국내,주식,환노출,0.3,LSEG
KR70101N0005,A0101N0,ETF,RISE AI전력인프라,0101N0,0.2,실물(패시브),국내,주식,환노출,0.2,LSEG
KRG520000529,Q520052,ETN,미래에셋 천연가스 선물 ETN(H),520052,,,,,,,
KR70104H0000,A0104H0,ETF,KoAct 미국나스닥채권혼합50액티브,0104H0,0.25,실물(액티브),국내&해외,혼합자산,환노출,0.25,LSEG
KR70114X0008,A0114X0,ETF,RISE 글로벌게임테크TOP3Plus,0114X0,0.4,실물(패시브),해외,주식,환노출,0.4,LSEG
KR70117V0007,A0117V0,ETF,TIGER 코리아AI전력기기TOP3플러스,0117V0,0.4,실물(패시브),국내,주식,환노출,0.4,LSEG
KR70118Z0002,A0118Z0,ETF,ACE 미국AI테크핵심산업액티브,0118Z0,0.45,실물(액티브),해외,주식,환노출,0.45,LSEG
KR70120J0008,A0120J0,ETF,BNK 카카오그룹포커스,0120J0,0.395,실물(패시브),국내,주식,환노출,0.395,LSEG
KR70127P0003,A0127P0,ETF,ACE 미국대형성장주액티브,0127P0,0.3,실물(액티브),해외,주식,환노출,0.3,LSEG
KR70127V0005,A0127V0,ETF,KIWOOM 미국S&P500 TOP10&배당다우비중전환,0127V0,0.19,실물(패시브),해외,주식,환노출,0.19,LSEG
KRG580000468,Q580046,ETN,KB 블룸버그 인버스2X 천연가스선물 ETN(H),580046,,,,,,,
KR70132H0006,A0132H0,ETF,KODEX 미국원자력SMR,0132H0,0.45,실물(패시브),해외,주식,환노출,0.45,LSEG
KR70137V0003,A0137V0,ETF,KIWOOM 미국S&P500모멘텀,0137V0,0.12,실물(패시브),해외,주식,환노출,0.12,LSEG
KR70138T0006,A0138T0,ETF,RISE 미국S&P500데일리고정커버드콜,0138T0,0.25,실물(패시브),해외,주식,환노출,0.25,LSEG
KR70138Y0009,A0138Y0,ETF,PLUS 금채권혼합,0138Y0,0.15,실물(패시브),국내&해외,혼합자산,환노출,0.15,LSEG
KR70153K0005,A0153K0,ETF,KODEX 주주환원고배당주,0153K0,0.33,실물(패시브),국내,주식,환노출,0.33,LSEG
KR70153X0000,A0153X0,ETF,PLUS 미국고배당주액티브,0153X0,0.23,실물(액티브),해외,주식,환노출,0.23,LSEG
KR70154F0001,A0154F0,ETF,WON 초대형IB&금융지주,0154F0,0.29,실물(패시브),국내,주식,환노출,0.29,LSEG
KRG520000974,Q520097,ETN,미래에셋 1.5X S&P500 VIX S/T선물 ETN,520097,,,,,,,
KR70155M0001,A0155M0,ETF,ACE 미국SMR원자력TOP10,0155M0,0.45,실물(패시브),해외,주식,환노출,0.45,LSEG
KR70162M0002,A0162M0,ETF,KODEX 금융채1~2년(AA-이상)PLUS액티브,0162M0,0.09,실물(액티브),국내,채권,환노출,0.09,LSEG
KR70166N0007,A0166N0,ETF,PLUS 코스닥150액티브,0166N0,0.63,실물(액티브),국내,주식,환노출,0.63,LSEG
KR70173Y0005,A0173Y0,ETF,KODEX 미국AI광통신네트워크,0173Y0,0.55,실물(패시브),해외,주식,환노출,0.55,LSEG
KR70174J0003,A0174J0,ETF,DAISHIN 오피스리츠플러스,0174J0,0.19,실물(패시브),국내,부동산,환노출,0.19,LSEG
KR70176P0003,A0176P0,ETF,FOCUS AI반도체위클리고정커버드콜,0176P0,0.3,실물(패시브),국내,주식,환노출,0.3,LSEG
KR70177A0009,A0177A0,ETF,WON 두산그룹포커스,0177A0,0.33,실물(패시브),국내,주식,환노출,0.33,LSEG
KR70181B0002,A0181B0,ETF,HANARO 미국AI메모리반도체TOP4+,0181B0,,,,,,,
KR70181L0000,A0181L0,ETF,SOL 미국우주항공TOP10,0181L0,0.45,실물(패시브),해외,주식,환노출,0.45,LSEG
KR70186L0005,A0186L0,ETF,KoAct 미국로봇피지컬AI액티브,0186L0,0.5,실물(액티브),해외,주식,환노출,0.5,LSEG
KR70191B0000,A0191B0,ETF,MIDAS 코스닥액티브,0191B0,,,,,,,
KR70191M0007,A0191M0,ETF,마이티 5월만기자동연장특수채(AAA)액티브,0191M0,,,,,,,
KR70191S0001,A0191S0,ETF,IBK 코스닥150,0191S0,,,,,,,
KR70192Z0001,A0192Z0,ETF,TIGER 중기종합채권(A-이상)액티브,0192Z0,,,,,,,
KR70193K0007,A0193K0,ETF,PLUS 삼성전자단일종목레버리지,0193K0,,,,,,,
KR70194N0003,A0194N0,ETF,KIWOOM 삼성전자선물단일종목레버리지,0194N0,,,,,,,
KR70194T0007,A0194T0,ETF,ACE SK하이닉스단일종목레버리지,0194T0,,,,,,,
KR70195R0008,A0195R0,ETF,TIGER 삼성전자단일종목레버리지,0195R0,,,,,,,
KR70206G0008,A0206G0,ETF,1Q 현대차기아채권혼합50,0206G0,,,,,,,
KR70209Z0002,A0209Z0,ETF,ACE 코리아AI전력TOP10,0209Z0,,,,,,,
KR70210E0004,A0210E0,ETF,PLUS 200커버드콜액티브,0210E0,,,,,,,
KR70214M0000,A0214M0,ETF,MIDAS 바이오헬스케어액티브,0214M0,,,,,,,
KR70215T0002,A0215T0,ETF,HANARO 미국AI광통신TOP10,0215T0,,,,,,,
KR70216K0000,A0216K0,ETF,KIWOOM 미국우주테크TOP2채권혼합50,0216K0,,,,,,,
KR70216Z0003,A0216Z0,ETF,ACE K방산TOP5+,0216Z0,,,,,,,
KR70219B0008,A0219B0,ETF,KoAct 광통신&위성네트워크액티브,0219B0,,,,,,,
KR70224D0009,A0224D0,ETF,KIWOOM 미국CPU반도체TOP4+,0224D0,,,,,,,
KR70224X0005,A0224X0,ETF,1Q 엔비디아알파벳미국채혼합50,0224X0,,,,,,,
KR7100910009,A100910,ETF,KIWOOM KRX100,100910,0.23,실물(패시브),국내,주식,환노출,0.23,LSEG
KR7102970001,A102970,ETF,KODEX 증권,102970,0.45,실물(패시브),국내,주식,환노출,0.49,RDB
KR7105010003,A105010,ETF,TIGER 라틴35,105010,0.49,실물(패시브),해외,주식,환노출,0.52,RDB
KR7114260003,A114260,ETF,KODEX 국고채3년,114260,0.15,실물(패시브),국내,채권,환노출,0.4,RDB
KR7114800006,A114800,ETF,KODEX 인버스,114800,0.64,실물(패시브),국내,주식,환노출,0.4,RDB
KR7117460006,A117460,ETF,KODEX 에너지화학,117460,0.45,실물(패시브),국내,주식,환노출,0.45,LSEG
KR7117690008,A117690,ETF,TIGER 차이나항셍30,117690,0.4,실물(패시브),해외,주식,환노출,0.15,RDB
KR7136340007,A136340,ETF,RISE 중기우량회사채,136340,0.07,실물(패시브),국내,채권,환노출,0.52,RDB
KR7139270003,A139270,ETF,TIGER 200 금융,139270,0.4,실물(패시브),국내,주식,환노출,0.4,RDB
KR7139290001,A139290,ETF,TIGER 200 경기소비재,139290,0.4,실물(패시브),국내,주식,환노출,0.4,RDB
KR7139310007,A139310,ETF,TIGER 금속선물(H),139310,,,,,,,
KR7140710005,A140710,ETF,KODEX 운송,140710,0.45,실물(패시브),국내,주식,환노출,0.45,LSEG
KR7143850006,A143850,ETF,TIGER 미국S&P500선물(H),143850,0.23,실물(패시브),해외,주식,환헤지,0.23,LSEG
KR7145670006,A145670,ETF,ACE 인버스,145670,0.15,실물(패시브),국내,주식,환노출,0.15,LSEG
KR7150460004,A150460,ETF,TIGER 중국소비테마,150460,0.5,실물(패시브),국내,주식,환노출,0.5,LSEG
KR7153270004,A153270,ETF,KIWOOM 코스피100,153270,0.195,실물(패시브),국내,주식,환노출,0.195,LSEG
KR7157500000,A157500,ETF,TIGER 증권,157500,0.4,실물(패시브),국내,주식,환노출,0.4,LSEG
KR7161510003,A161510,ETF,PLUS 고배당주,161510,0.23,실물(패시브),국내,주식,환노출,0.49,RDB
KR7183700004,A183700,ETF,RISE 200채권혼합50,183700,0.2,실물(패시브),국내,혼합자산,환노출,0.2,RDB
KR7190620005,A190620,ETF,ACE 단기통안채,190620,0.07,실물(패시브),국내,채권,환노출,0.07,LSEG
KR7192090009,A192090,ETF,TIGER 차이나CSI300,192090,0.63,실물(패시브),해외,주식,환노출,0.63,LSEG
KR7195930003,A195930,ETF,TIGER 유로스탁스50(합성 H),195930,0.24,합성(패시브),해외,주식,환노출,0.24,LSEG
KR7195970009,A195970,ETF,PLUS 선진국MSCI(합성 H),195970,0.5,합성(패시브),해외,주식,환노출,0.49,RDB
KR7200030005,A200030,ETF,KODEX 미국S&P500산업재(합성),200030,0.25,합성(패시브),해외,주식,합성,0.49,RDB
KR7214980005,A214980,ETF,KODEX 단기채권PLUS,214980,0.15,실물(패시브),국내,채권,환노출,0.15,RDB
KR7219480001,A219480,ETF,KODEX 미국S&P500선물(H),219480,0.05,실물(패시브),해외,주식,환헤지,0.05,LSEG
KR7220130009,A220130,ETF,SOL 차이나강소기업CSI500(합성 H),220130,0.6,합성(패시브),해외,주식,환노출,0.6,LSEG
KRG610000421,Q610042,ETN,메리츠 블룸버그 인버스 2X WTI선물 ETN(H),610042,,,,,,,
KR7225040005,A225040,ETF,TIGER 미국S&P500레버리지(합성 H),225040,0.27,합성(패시브),해외,주식,환노출,0.27,LSEG
KR7225050004,A225050,ETF,TIGER 유로스탁스레버리지(합성 H),225050,0.58,합성(패시브),해외,주식,환노출,0.58,LSEG
KR7226490001,A226490,ETF,KODEX 코스피,226490,0.15,실물(패시브),국내,주식,환노출,0.4,RDB
KR7228800009,A228800,ETF,TIGER 여행레저,228800,0.5,실물(패시브),국내,주식,환노출,0.5,LSEG
KR7229720008,A229720,ETF,KODEX KTOP30,229720,0.25,실물(패시브),국내,주식,환노출,0.4,RDB
KR7233160001,A233160,ETF,TIGER 코스닥150 레버리지,233160,0.32,실물(패시브),국내,주식,환노출,0.32,LSEG
KR7238720007,A238720,ETF,ACE 일본Nikkei225(H),238720,0.3,실물(패시브),해외,주식,환헤지,0.3,LSEG
KRG502100511,Q500051,ETN,신한 인버스 2X S&P500 선물 ETN,500051,,,,,,,
KR7239660004,A239660,ETF,PLUS 우량회사채50,239660,0.135,실물(패시브),국내,채권,환노출,0.135,LSEG
KR7241390004,A241390,ETF,RISE V&S셀렉트밸류채권혼합,241390,0.23,실물(패시브),국내,혼합자산,환노출,0.23,LSEG
KR7243880002,A243880,ETF,TIGER 200IT레버리지,243880,0.63,실물(패시브),국내,주식,환노출,0.63,LSEG
KR7244620001,A244620,ETF,KODEX 모멘텀Plus,244620,0.3,실물(패시브),국내,주식,환노출,0.49,RDB
KR7244670006,A244670,ETF,KODEX 밸류Plus,244670,0.3,실물(패시브),국내,주식,환노출,0.3,LSEG
KR7245340005,A245340,ETF,TIGER 미국다우존스30,245340,0.35,실물(패시브),해외,주식,환노출,0.35,LSEG
KR7251600003,A251600,ETF,PLUS 고배당주채권혼합,251600,0.2,실물(패시브),국내,혼합자산,환노출,0.49,RDB
KRG502400036,Q500003,ETN,신한 인버스 WTI원유 선물 ETN(H),500003,,,,,,,
KR7252650007,A252650,ETF,KODEX 200동일가중,252650,0.25,실물(패시브),국내,주식,환노출,0.25,LSEG
KR7253150007,A253150,ETF,PLUS 200선물레버리지,253150,0.06,실물(패시브),국내,주식,환노출,0.06,LSEG
KR7253230007,A253230,ETF,KIWOOM 200선물인버스2X,253230,0.46,실물(패시브),국내,주식,환노출,0.46,LSEG
KR7253290001,A253290,ETF,RISE 헬스케어채권혼합,253290,0.35,실물(패시브),국내,혼합자산,환노출,0.35,LSEG
KR7256440009,A256440,ETF,ACE MSCI인도네시아(합성),256440,0.7,합성(패시브),해외,주식,합성,0.7,LSEG
KR7256450008,A256450,ETF,PLUS 심천차이넥스트(합성),256450,0.5,합성(패시브),해외,주식,합성,0.5,LSEG
KR7261120000,A261120,ETF,TIGER 미국달러선물인버스2X,261120,0.05,실물(패시브),국내,통화,환노출,0.05,LSEG
KR7261140008,A261140,ETF,TIGER 우선주,261140,0.29,실물(패시브),국내,주식,환노출,0.29,LSEG
KR7261260004,A261260,ETF,KODEX 미국달러선물인버스2X,261260,0.45,실물(패시브),국내,통화,환노출,0.45,LSEG
KR7266390004,A266390,ETF,KODEX 경기소비재,266390,0.45,실물(패시브),국내,주식,환노출,0.45,LSEG
KR7266410000,A266410,ETF,KODEX 필수소비재,266410,0.45,실물(패시브),국내,주식,환노출,0.45,LSEG
KR7266550003,A266550,ETF,PLUS 중형주저변동50,266550,0.23,실물(패시브),국내,주식,환노출,0.23,LSEG
KR7269540001,A269540,ETF,PLUS 미국S&P500(H),269540,0.3,실물(패시브),해외,주식,환헤지,0.3,LSEG
KR7270800006,A270800,ETF,RISE KQ고배당,270800,0.3,실물(패시브),국내,주식,환노출,0.3,LSEG
KR7270810005,A270810,ETF,RISE 코스닥150,270810,0.02,실물(패시브),국내,주식,환노출,0.02,LSEG
KR7272910001,A272910,ETF,ACE 중장기국공채액티브,272910,0.08,실물(액티브),국내,채권,환노출,0.08,RDB
KR7275300002,A275300,ETF,KODEX 우량주,275300,0.3,실물(패시브),국내,주식,환노출,0.3,LSEG
KR7276970001,A276970,ETF,KODEX 미국S&P500배당귀족커버드콜(합성 H),276970,0.3,합성(패시브),해외,주식,환노출,0.3,LSEG
KR7278620000,A278620,ETF,PLUS 단기채권액티브,278620,0.07,실물(액티브),국내,채권,환노출,0.07,LSEG
KR7280920000,A280920,ETF,PLUS 주도업종,280920,0.23,실물(패시브),국내,주식,환노출,0.23,LSEG
KR7282000009,A282000,ETF,RISE 국고채3년선물인버스,282000,0.07,실물(패시브),국내,채권,환노출,0.07,LSEG
KR7287180004,A287180,ETF,PLUS 미국나스닥테크,287180,0.5,실물(패시브),해외,주식,환노출,0.5,LSEG
KR7289480006,A289480,ETF,TIGER 200커버드콜,289480,0.38,실물(패시브),국내,주식,환노출,0.38,LSEG
KRG502400044,Q500004,ETN,신한 브렌트원유 선물 ETN(H),500004,,,,,,,
KR7291130003,A291130,ETF,ACE MSCI멕시코(합성),291130,0.5,합성(패시브),해외,주식,합성,0.5,LSEG
KR70233A0001,A0233A0,ETF,ACE 삼성전자SK하이닉스플러스채권혼합50,0233A0,,,,,,,
KR70000D0009,A0000D0,ETF,TIGER 엔비디아미국채커버드콜밸런스(합성),0000D0,0.39,합성(패시브),해외,혼합자산,합성,0.39,LSEG
KR70000H0005,A0000H0,ETF,KODEX 인도Nifty미드캡100,0000H0,0.45,실물(패시브),해외,주식,환노출,0.45,LSEG
KR70001P0004,A0001P0,ETF,마이티 바이오시밀러&CDMO액티브,0001P0,0.805,실물(액티브),국내,주식,환노출,0.805,LSEG
KR70001S0001,A0001S0,ETF,TIGER 26-04 회사채(A+이상)액티브,0001S0,,,,,,,
KR70004G0002,A0004G0,ETF,1Q 미국배당TOP30,0004G0,0.1,실물(패시브),해외,주식,환노출,0.1,LSEG
KR70008T0003,A0008T0,ETF,SOL 화장품TOP3플러스,0008T0,0.45,실물(패시브),국내,주식,환노출,0.45,LSEG
KR70015B0004,A0015B0,ETF,KoAct 미국나스닥성장기업액티브,0015B0,0.5,실물(액티브),해외,주식,환노출,0.5,LSEG
KR70018Z0003,A0018Z0,ETF,RISE 미국양자컴퓨팅,0018Z0,0.4,실물(패시브),해외,주식,환노출,0.4,LSEG
KR70021C0005,A0021C0,ETF,ACE TDF장기자산배분액티브,0021C0,0.4,실물(액티브),국내&해외,혼합자산,환노출,0.4,LSEG
KR70040S0004,A0040S0,ETF,HANARO 글로벌피지컬AI액티브,0040S0,0.6,실물(액티브),해외,주식,환노출,0.6,LSEG
KR70040X0007,A0040X0,ETF,SOL 팔란티어미국채커버드콜혼합,0040X0,0.35,실물(패시브),해외,혼합자산,환노출,0.35,LSEG
KR70041D0000,A0041D0,ETF,KODEX 미국AI소프트웨어TOP10,0041D0,0.45,실물(패시브),해외,주식,환노출,0.45,LSEG
KR70043B0000,A0043B0,ETF,TIGER 머니마켓액티브,0043B0,0.04,실물(액티브),국내,채권,환노출,0.04,LSEG
KRG502400192,Q500019,ETN,신한 레버리지 WTI원유 선물 ETN(H),500019,,,,,,,
KR70046A0008,A0046A0,ETF,TIGER 미국초단기(3개월이하)국채,0046A0,0.09,실물(패시브),해외,채권,환노출,0.09,LSEG
KR70046Y0000,A0046Y0,ETF,ACE 미국배당퀄리티,0046Y0,0.15,실물(패시브),해외,주식,환노출,0.15,LSEG
KR70047P0000,A0047P0,ETF,RISE 테슬라고정테크100,0047P0,0.2,실물(패시브),해외,주식,환노출,0.2,LSEG
KR70047R0008,A0047R0,ETF,RISE 팔란티어고정테크100,0047R0,0.2,실물(패시브),해외,주식,환노출,0.2,LSEG
KR70048K0004,A0048K0,ETF,KODEX 차이나휴머노이드로봇,0048K0,0.45,실물(패시브),해외,주식,환노출,0.45,LSEG
KR70050E0007,A0050E0,ETF,PLUS 미국AI에이전트,0050E0,0.45,실물(패시브),해외,주식,환노출,0.45,LSEG
KR70053M0004,A0053M0,ETF,더제이 중소형포커스액티브,0053M0,0.685,실물(액티브),국내,주식,환노출,0.685,LSEG
KRG502400275,Q500027,ETN,신한 인버스 2X WTI원유 선물 ETN(H),500027,,,,,,,
KR70057H0007,A0057H0,ETF,PLUS 미국S&P500미국채혼합50액티브,0057H0,0.15,실물(액티브),해외,혼합자산,환노출,0.15,LSEG
KR70067V0007,A0067V0,ETF,TIGER 차이나글로벌리더스TOP3+,0067V0,0.49,실물(패시브),해외,주식,환노출,0.49,LSEG
KR70067Y0004,A0067Y0,ETF,TIGER 차이나AI소프트웨어,0067Y0,0.49,실물(패시브),해외,주식,환노출,0.49,LSEG
KR70069M0006,A0069M0,ETF,1Q 미국나스닥100,0069M0,0.005,실물(패시브),해외,주식,환노출,0.005,LSEG
KR70085N0005,A0085N0,ETF,ACE 미국10년국채액티브(H),0085N0,0.15,실물(액티브),해외,채권,환헤지,0.15,LSEG
KR70085P0003,A0085P0,ETF,ACE 미국10년국채액티브,0085P0,0.15,실물(액티브),해외,채권,환노출,0.15,LSEG
KR70086B0008,A0086B0,ETF,TIGER 리츠부동산인프라TOP10액티브,0086B0,0.06,실물(액티브),국내,부동산,환노출,0.06,LSEG
KR70087F0003,A0087F0,ETF,ACE 차이나AI빅테크TOP2+액티브,0087F0,0.45,실물(액티브),해외,주식,환노출,0.45,LSEG
KR70089B0005,A0089B0,ETF,PLUS 미국나스닥100미국채혼합50,0089B0,0.15,실물(패시브),해외,혼합자산,환노출,0.15,LSEG
KR70089D0003,A0089D0,ETF,KODEX 금융고배당TOP10,0089D0,0.3,실물(패시브),국내,주식,환노출,0.3,LSEG
KR70091C0000,A0091C0,ETF,KODEX 미국10년국채액티브(H),0091C0,0.15,실물(액티브),해외,채권,환헤지,0.15,LSEG
KR70091M0008,A0091M0,ETF,HANARO 27-06 회사채(AA-이상)액티브,0091M0,0.02,실물(액티브),국내,채권,환노출,0.02,LSEG
KR70093B0009,A0093B0,ETF,RISE 엔비디아고정테크100,0093B0,0.2,실물(패시브),해외,주식,환노출,0.2,LSEG
KR70093D0007,A0093D0,ETF,KoAct 팔란티어밸류체인액티브,0093D0,0.5,실물(액티브),국내&해외,주식,환노출,0.5,LSEG
KRG610000447,Q610044,ETN,메리츠 인버스 천연가스 선물 ETN(H),610044,,,,,,,
KR70099L0001,A0099L0,ETF,ACE 우량회사채(AA-이상)액티브,0099L0,0.095,실물(액티브),국내,채권,환노출,0.095,LSEG
KR70112X0000,A0112X0,ETF,마이티 200TR,0112X0,0.05,실물(패시브),국내,주식,환노출,0.05,LSEG
KR70113D0003,A0113D0,ETF,TIME 글로벌탑픽액티브,0113D0,0.06,실물(액티브),해외,주식,환노출,0.06,LSEG
KR70113P0009,A0113P0,ETF,HK 머니마켓액티브,0113P0,0.045,실물(액티브),국내,채권,환노출,0.045,LSEG
KR70115E0000,A0115E0,ETF,KODEX 코리아소버린AI,0115E0,0.45,실물(패시브),국내,주식,환노출,0.45,LSEG
KR70118S0001,A0118S0,ETF,SOL 미국넥스트테크TOP10액티브,0118S0,0.55,실물(액티브),해외,주식,환노출,0.55,LSEG
KR70119H0003,A0119H0,ETF,KODEX 28-12 회사채(AA-이상)액티브,0119H0,0.09,실물(액티브),국내,채권,환노출,0.09,LSEG
KR70163Y0007,A0163Y0,ETF,KoAct 코스닥액티브,0163Y0,0.5,실물(액티브),국내,주식,환노출,0.5,LSEG
KR70123G0008,A0123G0,ETF,TIGER 미국AI전력SMR,0123G0,0.49,실물(패시브),해외,주식,환노출,0.49,LSEG
KR70127T0009,A0127T0,ETF,KIWOOM 미국S&P500&배당다우존스비중전환,0127T0,0.09,실물(패시브),해외,주식,환노출,0.09,LSEG
KR70131A0004,A0131A0,ETF,SOL 차이나소비트렌드,0131A0,0.45,실물(패시브),해외,주식,환노출,0.45,LSEG
KR70131V0009,A0131V0,ETF,1Q 미국우주항공테크,0131V0,0.49,실물(패시브),해외,주식,환노출,0.49,LSEG
KR70132D0000,A0132D0,ETF,KoAct 글로벌K컬처밸류체인액티브,0132D0,0.5,실물(액티브),국내&해외,주식,환노출,0.5,LSEG
KR70153P0000,A0153P0,ETF,ACE 리츠부동산인프라액티브,0153P0,0.06,실물(액티브),국내,부동산,환노출,0.06,LSEG
KR70162Z0007,A0162Z0,ETF,RISE 삼성전자SK하이닉스채권혼합50,0162Z0,0.01,실물(패시브),국내,혼합자산,환노출,0.01,LSEG
KRG760000254,Q760025,ETN,키움 전력 TOP5 ETN,760025,,,,,,,
KR70166T0001,A0166T0,ETF,PLUS 글로벌저작권핵심기업액티브,0166T0,0.45,실물(액티브),해외,주식,환노출,0.45,LSEG
KR70167B0000,A0167B0,ETF,SOL 200타겟위클리커버드콜,0167B0,0.3,실물(패시브),국내,주식,환노출,0.3,LSEG
KR70167Z0002,A0167Z0,ETF,KODEX 미국우주항공,0167Z0,0.55,실물(패시브),해외,주식,환노출,0.55,LSEG
KR70174B0001,A0174B0,ETF,KoAct 글로벌AI메모리반도체액티브,0174B0,0.5,실물(액티브),국내&해외,주식,환노출,0.5,LSEG
KR70174R0003,A0174R0,ETF,KIWOOM 미국성장다우존스,0174R0,0.03,실물(패시브),해외,주식,환노출,0.03,LSEG
KR70176E0006,A0176E0,ETF,RISE 미국AI전력인프라액티브,0176E0,0.45,실물(액티브),해외,주식,환노출,0.45,LSEG
KR70177N0004,A0177N0,ETF,KODEX 삼성전자SK하이닉스채권혼합50,0177N0,0.07,실물(패시브),국내,혼합자산,환노출,0.07,LSEG
KR7098560006,A098560,ETF,TIGER 방송통신,098560,,,,,,,
KR70182S0002,A0182S0,ETF,1Q K반도체TOP2채권혼합50,0182S0,0.01,실물(패시브),국내,혼합자산,환노출,0.01,LSEG
KR70183J0002,A0183J0,ETF,TIGER 미국우주테크,0183J0,0.49,실물(패시브),해외,주식,환노출,0.49,LSEG
KR70184V0005,A0184V0,ETF,UNICORN K바이오액티브,0184V0,,,,,,,
KR70186S0008,A0186S0,ETF,1Q 코스닥150채권혼합50액티브,0186S0,0.63,실물(액티브),국내,혼합자산,환노출,0.63,LSEG
KR70190C0000,A0190C0,ETF,RISE 현대차고정피지컬AI,0190C0,,,,,,,
KR70190Y0004,A0190Y0,ETF,TIGER 구글밸류체인,0190Y0,,,,,,,
KR70192M0006,A0192M0,ETF,RISE 삼성전자단일종목레버리지,0192M0,,,,,,,
KR70192T0009,A0192T0,ETF,SOL 코스닥TOP10,0192T0,,,,,,,
KR70193L0006,A0193L0,ETF,PLUS 삼성전자선물단일종목인버스2X,0193L0,,,,,,,
KR70193T0008,A0193T0,ETF,KODEX SK하이닉스단일종목레버리지,0193T0,,,,,,,
KR70198B0003,A0198B0,ETF,1Q 삼성전자선물단일종목레버리지,0198B0,,,,,,,
KR70199C0001,A0199C0,ETF,ACE 고배당주Plus커버드콜액티브,0199C0,,,,,,,
KR70203S0007,A0203S0,ETF,WON 삼성전자현대차채권혼합50,0203S0,,,,,,,
KR70207Z0004,A0207Z0,ETF,KIWOOM 미국우주데이터센터인프라,0207Z0,,,,,,,
KR70208N0007,A0208N0,ETF,IBK 코스피액티브,0208N0,,,,,,,
KR70210A0008,A0210A0,ETF,ACE K반도체TOP2+,0210A0,,,,,,,
KR70218J0001,A0218J0,ETF,RISE 미국우주&로봇TOP2미국채혼합50,0218J0,,,,,,,
KR70218K0008,A0218K0,ETF,BNK 스마트카,0218K0,,,,,,,
KR70220A0006,A0220A0,ETF,KIWOOM 현대차그룹TOP3채권혼합50,0220A0,,,,,,,
KR70220B0005,A0220B0,ETF,DS 코스닥액티브,0220B0,,,,,,,
KR70228G0002,A0228G0,ETF,ACE 반도체Plus전략산업,0228G0,,,,,,,
KR7069660009,A069660,ETF,KIWOOM 200,069660,0.05,실물(패시브),국내,주식,환노출,0.05,LSEG
KR7091220004,A091220,ETF,TIGER 은행,091220,0.46,실물(패시브),국내,주식,환노출,0.52,RDB
KR7091230003,A091230,ETF,TIGER 반도체,091230,0.46,실물(패시브),국내,주식,환노출,0.52,RDB
KR,A0193MO,ETF,BNK BNK27-12특수채(AAA이상)액티브증권상장지수투자신탁(채권),0193MO,,,,,,,
KR7101280006,A101280,ETF,KODEX 일본TOPIX100,101280,0.19,실물(패시브),해외,주식,환노출,0.19,LSEG
KR7102110004,A102110,ETF,TIGER 200,102110,0.05,실물(패시브),국내,주식,환노출,0.05,LSEG
KR7114470008,A114470,ETF,KIWOOM 국고채3년,114470,0.05,실물(패시브),국내,채권,환노출,0.05,LSEG
KR7114820004,A114820,ETF,TIGER 국채3년,114820,0.15,실물(패시브),국내,채권,환노출,0.15,RDB
KR7122090004,A122090,ETF,PLUS 코스피50,122090,0.33,실물(패시브),국내,주식,환노출,0.49,RDB
KR7123320004,A123320,ETF,TIGER 레버리지,123320,0.022,실물(패시브),국내,주식,환노출,0.022,LSEG
KR7132030008,A132030,ETF,KODEX 골드선물(H),132030,0.68,실물(패시브),해외,원자재,환헤지,0.68,LSEG
KR7292190006,A292190,ETF,KODEX KRX300,292190,0.05,실물(패시브),국내,주식,환노출,0.05,LSEG
KR7139260004,A139260,ETF,TIGER 200 IT,139260,0.4,실물(패시브),국내,주식,환노출,0.4,RDB
KR7145850004,A145850,ETF,TREX 펀더멘탈 200,145850,0.34,실물(패시브),국내,주식,환노출,0.49,RDB
KR7147970008,A147970,ETF,TIGER 모멘텀,147970,0.23,실물(패시브),국내,주식,환노출,0.23,LSEG
KR7168580009,A168580,ETF,ACE 중국본토CSI300,168580,0.7,실물(패시브),해외,주식,환노출,0.7,LSEG
KR7176950004,A176950,ETF,KODEX 국채선물10년인버스,176950,0.07,실물(패시브),국내,채권,환노출,0.07,LSEG
KR7182490003,A182490,ETF,TIGER 단기선진하이일드(합성 H),182490,0.24,합성(패시브),해외,채권,환노출,0.24,LSEG
KR7183710003,A183710,ETF,RISE 주식혼합,183710,0.25,실물(패시브),국내,혼합자산,환노출,0.25,LSEG
KRG580000492,Q580049,ETN,KB 차이나 중형주 CSI 500 ETN,580049,,,,,,,
KR70005A0007,A0005A0,ETF,KODEX 미국S&P500데일리커버드콜OTM,0005A0,0.25,실물(패시브),해외,주식,환노출,0.25,LSEG
KR70005D0004,A0005D0,ETF,SOL 전고체배터리&실리콘음극재,0005D0,0.45,실물(패시브),국내,주식,환노출,0.45,LSEG
KR70005G0001,A0005G0,ETF,IBK K-AI반도체코어테크,0005G0,0.28,실물(패시브),국내,주식,환노출,0.28,LSEG
KR70013R0008,A0013R0,ETF,RISE 테슬라미국채타겟커버드콜혼합(합성),0013R0,0.25,합성(패시브),해외,혼합자산,합성,0.25,LSEG
KR70015K0003,A0015K0,ETF,TIGER 미국소비트렌드액티브,0015K0,0.79,실물(액티브),해외,주식,환노출,0.79,LSEG
KR70017Y0005,A0017Y0,ETF,1Q 종합채권(AA-이상)액티브,0017Y0,0.025,실물(액티브),국내,채권,환노출,0.025,LSEG
KR70023A0005,A0023A0,ETF,SOL 미국양자컴퓨팅TOP10,0023A0,0.45,실물(패시브),해외,주식,환노출,0.45,LSEG
KR7195980008,A195980,ETF,PLUS 신흥국MSCI(합성 H),195980,0.5,합성(패시브),해외,주식,환노출,0.49,RDB
KR7205720006,A205720,ETF,ACE 일본TOPIX인버스(합성 H),205720,0.5,합성(패시브),해외,주식,환노출,0.5,LSEG
KR7211560008,A211560,ETF,TIGER 배당성장,211560,0.115,실물(패시브),국내,주식,환노출,0.115,LSEG
KR7211900006,A211900,ETF,KODEX 코리아배당성장,211900,0.15,실물(패시브),국내,주식,환노출,0.15,LSEG
KR7217770007,A217770,ETF,TIGER 원유선물인버스(H),217770,0.69,실물(패시브),해외,원자재,환헤지,0.69,LSEG
KR7217780006,A217780,ETF,TIGER 차이나CSI300인버스(합성),217780,0.58,합성(패시브),해외,주식,합성,0.58,LSEG
KR7218420008,A218420,ETF,KODEX 미국S&P500에너지(합성),218420,0.25,합성(패시브),해외,주식,합성,0.25,LSEG
KRG610000165,Q610016,ETN,메리츠 레버리지 은 선물 ETN(H),610016,,,,,,,
KR7292500006,A292500,ETF,SOL KRX300,292500,0.05,실물(패시브),국내,주식,환노출,0.05,LSEG
KR7295000004,A295000,ETF,RISE 국채선물10년,295000,0.07,실물(패시브),국내,채권,환노출,0.07,LSEG
KR7300640000,A300640,ETF,RISE 게임테마,300640,0.3,실물(패시브),국내,주식,환노출,0.3,LSEG
KR7301410007,A301410,ETF,PLUS 코스닥150선물인버스,301410,0.29,실물(패시브),국내,주식,환노출,0.29,LSEG
KR7302450002,A302450,ETF,RISE 코스피,302450,0.02,실물(패시브),국내,주식,환노출,0.02,LSEG
KR7305080004,A305080,ETF,TIGER 미국채10년선물,305080,0.25,실물(패시브),해외,채권,환노출,0.25,LSEG
KR7306950007,A306950,ETF,KODEX KRX300레버리지,306950,0.64,실물(패시브),국내,주식,환노출,0.64,LSEG
KR7307510008,A307510,ETF,TIGER 의료기기,307510,0.5,실물(패시브),국내,주식,환노출,0.5,LSEG
KR70025N0008,A0025N0,ETF,TIGER TDF2045 적격,0025N0,0.19,실물(패시브),국내&해외,혼합자산,환노출,0.19,LSEG
KR70036Z0001,A0036Z0,ETF,RISE 미국천연가스밸류체인,0036Z0,0.4,실물(패시브),해외,주식,환노출,0.4,LSEG
KR70040Y0006,A0040Y0,ETF,SOL 팔란티어커버드콜OTM채권혼합,0040Y0,0.35,실물(패시브),국내&해외,혼합자산,환노출,0.35,LSEG
KR70043Y0003,A0043Y0,ETF,TIME 차이나AI테크액티브,0043Y0,0.8,실물(액티브),해외,주식,환노출,0.8,LSEG
KR70047N0002,A0047N0,ETF,PLUS 차이나AI테크TOP10,0047N0,0.49,실물(패시브),해외,주식,환노출,0.49,LSEG
KR70051A0000,A0051A0,ETF,KoAct 브로드컴밸류체인액티브,0051A0,0.5,실물(액티브),해외,주식,환노출,0.5,LSEG
KR70052D0006,A0052D0,ETF,TIGER 코리아배당다우존스,0052D0,0.25,실물(패시브),국내,주식,환노출,0.25,LSEG
KRG610000322,Q610032,ETN,메리츠 CSI 300 ETN,610032,,,,,,,
KR7223190000,A223190,ETF,KODEX 200가치저변동,223190,0.3,실물(패시브),국내,주식,환노출,0.3,LSEG
KR7225030006,A225030,ETF,TIGER 미국S&P500선물인버스(H),225030,0.59,실물(패시브),해외,주식,환헤지,0.59,LSEG
KR7225800002,A225800,ETF,KIWOOM 미국달러선물레버리지,225800,0.64,실물(패시브),국내,통화,환노출,0.64,LSEG
KR7227830007,A227830,ETF,PLUS 코스피,227830,0.2,실물(패시브),국내,주식,환노출,0.2,LSEG
KR7228810008,A228810,ETF,TIGER 미디어컨텐츠,228810,0.44,실물(패시브),국내,주식,환노출,0.44,LSEG
KR7228820007,A228820,ETF,TIGER KTOP30,228820,0.21,실물(패시브),국내,주식,환노출,0.21,LSEG
KR7232080002,A232080,ETF,TIGER 코스닥150,232080,0.19,실물(패시브),국내,주식,환노출,0.19,LSEG
KRG502400291,Q500029,ETN,신한 레버리지 은 선물 ETN(H),500029,,,,,,,
KR7308620004,A308620,ETF,KODEX 미국10년국채선물,308620,0.09,실물(패시브),해외,채권,환노출,0.09,LSEG
KR7310970009,A310970,ETF,TIGER MSCI Korea TR,310970,0.12,실물(패시브),국내,주식,환노출,0.12,LSEG
KR7316300003,A316300,ETF,ACE 싱가포르리츠,316300,0.4,실물(패시브),해외,부동산,환노출,0.4,LSEG
KR7319640009,A319640,ETF,TIGER 골드선물(H),319640,0.39,실물(패시브),해외,원자재,환헤지,0.39,LSEG
KR7322400003,A322400,ETF,HANARO e커머스,322400,0.45,실물(패시브),국내,주식,환노출,0.45,LSEG
KR7329660005,A329660,ETF,KODEX TRF5050,329660,0.17,실물(패시브),국내&해외,혼합자산,환노출,0.17,LSEG
KR7332610005,A332610,ETF,PLUS 미국단기회사채(AAA~A),332610,0.315,실물(패시브),해외,채권,환노출,0.315,LSEG
KRG500000663,Q500066,ETN,신한 블룸버그 인버스 2X WTI원유 선물 ETN,500066,,,,,,,
KR70052S0009,A0052S0,ETF,1Q 미국S&P500미국채혼합50액티브,0052S0,0.15,실물(액티브),해외,혼합자산,환노출,0.15,LSEG
KR70061Z0009,A0061Z0,ETF,RISE 단기특수은행채액티브,0061Z0,0.01,실물(액티브),국내,채권,환노출,0.01,LSEG
KR70064K0003,A0064K0,ETF,KODEX 금액티브,0064K0,0.3,실물(액티브),해외,원자재,환노출,0.3,LSEG
KR70065G0008,A0065G0,ETF,KODEX 차이나테크TOP10,0065G0,0.45,실물(패시브),해외,주식,환노출,0.45,LSEG
KR70066W0007,A0066W0,ETF,SOL 국제금,0066W0,0.05,실물(패시브),해외,원자재,환노출,0.05,LSEG
KR70078V0004,A0078V0,ETF,PLUS 미국로보택시,0078V0,0.49,실물(패시브),해외,주식,환노출,0.49,LSEG
KR70079X0001,A0079X0,ETF,ACE BYD밸류체인액티브,0079X0,0.45,실물(액티브),해외,주식,환노출,0.45,LSEG
KRG502400309,Q500030,ETN,신한 인버스 2X 은 선물 ETN(H),500030,,,,,,,
KR7233740000,A233740,ETF,KODEX 코스닥150레버리지,233740,0.64,실물(패시브),국내,주식,환노출,0.4,RDB
KR7234310001,A234310,ETF,RISE V&S셀렉트밸류,234310,0.3,실물(패시브),국내,주식,환노출,0.3,LSEG
KR7238670004,A238670,ETF,PLUS 스마트베타Quality채권혼합,238670,0.2,실물(패시브),국내,혼합자산,환노출,0.49,RDB
KR7245710009,A245710,ETF,ACE 베트남VN30(합성),245710,0.7,합성(패시브),해외,주식,합성,0.7,LSEG
KR7251350005,A251350,ETF,KODEX MSCI선진국,251350,0.3,실물(패시브),해외,주식,환노출,0.3,LSEG
KR7252400007,A252400,ETF,RISE 200선물레버리지,252400,0.022,실물(패시브),국내,주식,환노출,0.022,LSEG
KR7252410006,A252410,ETF,RISE 200선물인버스,252410,0.022,실물(패시브),국내,주식,환노출,0.022,LSEG
KR7252710009,A252710,ETF,TIGER 200선물인버스2X,252710,0.022,실물(패시브),국내,주식,환노출,0.52,RDB
KR7337150007,A337150,ETF,KODEX 200exTOP,337150,0.3,실물(패시브),국내,주식,환노출,0.3,LSEG
KR7354500001,A354500,ETF,ACE 코스닥150,354500,0.02,실물(패시브),국내,주식,환노출,0.02,LSEG
KR7356540005,A356540,ETF,ACE 종합채권(AA-이상)액티브,356540,0.02,실물(액티브),국내,채권,환노출,0.02,LSEG
KR7359210002,A359210,ETF,KODEX 코스피TR,359210,0.07,실물(패시브),국내,주식,환노출,0.07,LSEG
KR7363510009,A363510,ETF,SOL KIS단기통안채,363510,0.07,실물(패시브),국내,채권,환노출,0.07,LSEG
KR7364690008,A364690,ETF,KODEX 혁신기술테마액티브,364690,0.3,실물(액티브),국내,주식,환노출,0.3,LSEG
KR7365040005,A365040,ETF,TIGER AI코리아그로스액티브,365040,0.4,실물(액티브),국내,주식,환노출,0.4,LSEG
KR7367770005,A367770,ETF,RISE 수소경제테마,367770,0.45,실물(패시브),국내,주식,환노출,0.45,LSEG
KR70080Y0007,A0080Y0,ETF,SOL 조선TOP3플러스레버리지,0080Y0,0.5,실물(패시브),국내,주식,환노출,0.5,LSEG
KR70088N0002,A0088N0,ETF,WON K-글로벌수급상위,0088N0,0.69,실물(패시브),국내,주식,환노출,0.69,LSEG
KR70089C0004,A0089C0,ETF,KODEX 미국S&P500변동성확대시커버드콜,0089C0,0.39,실물(패시브),해외,주식,환노출,0.39,LSEG
KR70092B0000,A0092B0,ETF,SOL 한국원자력SMR,0092B0,0.45,실물(패시브),국내,주식,환노출,0.45,LSEG
KR70093A0000,A0093A0,ETF,RISE AI반도체TOP10,0093A0,0.2,실물(패시브),국내,주식,환노출,0.2,LSEG
KR70100K0009,A0100K0,ETF,KODEX 방산TOP10레버리지,0100K0,0.64,실물(패시브),국내,주식,환노출,0.64,LSEG
KR70103T0007,A0103T0,ETF,1Q K소버린AI,0103T0,0.49,실물(패시브),국내,주식,환노출,0.49,LSEG
KRG502400374,Q500037,ETN,신한 레버리지 금 선물 ETN,500037,,,,,,,
KR7253250005,A253250,ETF,KIWOOM 200선물레버리지,253250,0.46,실물(패시브),국내,주식,환노출,0.46,LSEG
KR7256750001,A256750,ETF,KODEX 차이나심천ChiNext(합성),256750,0.47,합성(패시브),해외,주식,합성,0.49,RDB
KR7261060008,A261060,ETF,TIGER 코스닥150IT,261060,0.4,실물(패시브),국내,주식,환노출,0.4,LSEG
KR7261250005,A261250,ETF,KODEX 미국달러선물레버리지,261250,0.45,실물(패시브),국내,통화,환노출,0.45,LSEG
KR7261270003,A261270,ETF,KODEX 미국달러선물인버스,261270,0.45,실물(패시브),국내,통화,환노출,0.45,LSEG
KR7266420009,A266420,ETF,KODEX 헬스케어,266420,0.09,실물(패시브),국내,주식,환노출,0.09,LSEG
KR7267450005,A267450,ETF,RISE 미국장기국채선물인버스(H),267450,0.4,실물(패시브),해외,채권,환헤지,0.4,LSEG
KR70164G0008,A0164G0,ETF,RISE 차이나AI반도체TOP4Plus,0164G0,0.45,실물(패시브),해외,주식,환노출,0.45,LSEG
KR7371450008,A371450,ETF,TIGER 글로벌클라우드컴퓨팅INDXX,371450,0.49,실물(패시브),해외,주식,환노출,0.49,LSEG
KR7371470006,A371470,ETF,TIGER 차이나바이오테크SOLACTIVE,371470,0.49,실물(패시브),해외,주식,환노출,0.49,LSEG
KR7371870007,A371870,ETF,ACE 차이나항셍테크,371870,0.25,실물(패시브),해외,주식,환노출,0.25,LSEG
KR7372330001,A372330,ETF,KODEX 차이나항셍테크,372330,0.12,실물(패시브),해외,주식,환노출,0.12,LSEG
KR7376410007,A376410,ETF,TIGER 탄소효율그린뉴딜,376410,0.09,실물(패시브),국내,주식,환노출,0.09,LSEG
KR7379780000,A379780,ETF,RISE 미국S&P500,379780,0.004,실물(패시브),해외,주식,환노출,0.004,LSEG
KR7380340000,A380340,ETF,ACE 코리아AI테크핵심산업,380340,0.35,실물(패시브),국내,주식,환노출,0.35,LSEG
KRG502400416,Q500041,ETN,신한 인버스 2X 구리 선물 ETN,500041,,,,,,,
KR70104N0002,A0104N0,ETF,TIGER 200타겟위클리커버드콜,0104N0,0.25,실물(패시브),국내,주식,환노출,0.25,LSEG
KR70104P0000,A0104P0,ETF,TIGER 코리아배당다우존스위클리커버드콜,0104P0,0.25,실물(패시브),국내,주식,환노출,0.25,LSEG
KR70105E0002,A0105E0,ETF,SOL 코리아고배당,0105E0,0.159,실물(패시브),국내,주식,환노출,0.159,LSEG
KR70111J0009,A0111J0,ETF,HANARO 증권고배당TOP3플러스,0111J0,0.07,실물(패시브),국내,주식,환노출,0.07,LSEG
KR70111P0001,A0111P0,ETF,1Q 미국나스닥100미국채혼합50액티브,0111P0,0.05,실물(액티브),해외,혼합자산,환노출,0.05,LSEG
KR70115D0001,A0115D0,ETF,KODEX 조선TOP10,0115D0,0.45,실물(패시브),국내,주식,환노출,0.45,LSEG
KR70117L0009,A0117L0,ETF,KODEX 26-12 금융채(AA-이상)액티브,0117L0,0.09,실물(액티브),국내,채권,환노출,0.09,LSEG
KRG510000398,Q510039,ETN,대신 3X 레버리지 국채30년 ETN,510039,,,,,,,
KR7267490001,A267490,ETF,RISE 미국장기국채선물레버리지(합성 H),267490,0.5,합성(패시브),해외,채권,환노출,0.5,LSEG
KR7267770006,A267770,ETF,TIGER 200선물레버리지,267770,0.022,실물(패시브),국내,주식,환노출,0.09,RDB
KR7269370003,A269370,ETF,TIGER S&P글로벌인프라(합성),269370,0.4,합성(패시브),해외,주식,합성,0.4,LSEG
KR7269420006,A269420,ETF,KODEX S&P글로벌인프라(합성),269420,0.26,합성(패시브),해외,주식,합성,0.26,RDB
KR7271060006,A271060,ETF,KODEX 3대농산물선물(H),271060,0.55,실물(패시브),해외,원자재,환헤지,0.55,LSEG
KR7273130005,A273130,ETF,KODEX 종합채권(AA-이상)액티브,273130,0.045,실물(액티브),국내,채권,환노출,0.045,LSEG
KR7273140004,A273140,ETF,KODEX 단기변동금리부채권액티브,273140,0.15,실물(액티브),국내,채권,환노출,0.15,LSEG
KRG510000406,Q510040,ETN,대신 인버스 3X 국채30년 ETN,510040,,,,,,,
KR7385550009,A385550,ETF,RISE 단기채권알파액티브,385550,0.05,실물(액티브),국내,채권,환노출,0.05,LSEG
KR7387270002,A387270,ETF,TIGER 글로벌이노베이션액티브,387270,0.55,실물(액티브),해외,주식,환노출,0.55,LSEG
KR7388420002,A388420,ETF,RISE 비메모리반도체액티브,388420,0.5,실물(액티브),국내,주식,환노출,0.5,LSEG
KR7390400000,A390400,ETF,KODEX 미국스마트모빌리티S&P,390400,0.09,실물(패시브),해외,주식,환노출,0.09,LSEG
KR7394670004,A394670,ETF,TIGER 글로벌리튬&2차전지SOLACTIVE(합성),394670,0.49,합성(패시브),해외,주식,합성,0.49,LSEG
KR7395270002,A395270,ETF,HANARO Fn K-반도체,395270,0.45,실물(패시브),국내,주식,환노출,0.45,LSEG
KR7396500001,A396500,ETF,TIGER 반도체TOP10,396500,0.45,실물(패시브),국내,주식,환노출,0.45,LSEG
KRG510000455,Q510045,ETN,대신 인버스 2X 미국달러 선물 ETN,510045,,,,,,,
KR70122W0009,A0122W0,ETF,RISE 26-11 회사채(AA-이상)액티브,0122W0,0.05,실물(액티브),국내,채권,환노출,0.05,LSEG
KR70127M0006,A0127M0,ETF,ACE 미국대형가치주액티브,0127M0,0.3,실물(액티브),해외,주식,환노출,0.3,LSEG
KR70127R0001,A0127R0,ETF,RISE 미국AI클라우드인프라,0127R0,0.4,실물(패시브),해외,주식,환노출,0.4,LSEG
KR70131W0008,A0131W0,ETF,1Q 단기특수은행채액티브,0131W0,0.01,실물(액티브),국내,채권,환노출,0.01,LSEG
KR70133E0008,A0133E0,ETF,TIGER 차이나증권,0133E0,0.49,실물(패시브),해외,주식,환노출,0.49,LSEG
KR70135Y0002,A0135Y0,ETF,IBK 중기종합채권(AA-이상)액티브,0135Y0,0.041,실물(액티브),국내,채권,환노출,0.041,LSEG
KR70137W0002,A0137W0,ETF,KIWOOM 미국S&P500&GOLD,0137W0,0.01,실물(패시브),해외,주식,환노출,0.01,LSEG
KR7424460004,A424460,ETF,HANARO 글로벌워터MSCI(합성),424460,0.5,합성(패시브),해외,주식,합성,0.5,LSEG
KR7404650004,A404650,ETF,SOL KRX기후변화솔루션,404650,0.15,실물(패시브),국내,주식,환노출,0.15,LSEG
KR7409810009,A409810,ETF,KODEX 미국나스닥100선물인버스(H),409810,0.3,실물(패시브),해외,주식,환헤지,0.3,LSEG
KR7411540008,A411540,ETF,SOL 200 Top10,411540,0.15,실물(패시브),국내,주식,환노출,0.15,LSEG
KR7411720006,A411720,ETF,RISE 글로벌메타버스,411720,,,,,,,
KR7411860000,A411860,ETF,KIWOOM 독일DAX,411860,0.25,실물(패시브),해외,주식,환노출,0.25,LSEG
KR7412570004,A412570,ETF,TIGER 2차전지TOP10레버리지,412570,0.29,실물(패시브),국내,주식,환노출,0.29,LSEG
KR7412770000,A412770,ETF,TIGER 글로벌AI플랫폼액티브,412770,0.79,실물(액티브),해외,주식,환노출,0.79,LSEG
KR7414780007,A414780,ETF,TIGER 차이나과창판STAR50(합성),414780,0.09,합성(패시브),해외,주식,합성,0.09,LSEG
KR70139P0009,A0139P0,ETF,ACE 고배당주,0139P0,0.15,실물(패시브),국내,주식,환노출,0.15,LSEG
KR70141S0002,A0141S0,ETF,SOL 조선기자재,0141S0,0.45,실물(패시브),국내,주식,환노출,0.45,LSEG
KR70141T0001,A0141T0,ETF,SOL 중기종합채권(AA-이상)액티브,0141T0,0.05,실물(액티브),국내,채권,환노출,0.05,LSEG
KR70150K0008,A0150K0,ETF,KoAct 수소전력ESS인프라액티브,0150K0,0.5,실물(액티브),국내,주식,환노출,0.5,LSEG
KR70151S0009,A0151S0,ETF,KODEX 미국AI반도체TOP3플러스,0151S0,0.49,실물(패시브),해외,주식,환노출,0.49,LSEG
KR70154H0009,A0154H0,ETF,KoAct 차이나바이오헬스케어액티브,0154H0,0.5,실물(액티브),해외,주식,환노출,0.5,LSEG
KR70162L0003,A0162L0,ETF,KODEX 차이나AI반도체TOP10,0162L0,0.55,실물(패시브),해외,주식,환노출,0.55,LSEG
KRG520000388,Q520038,ETN,미래에셋 인버스 코스피200 선물 ETN,520038,,,,,,,
KR7415920008,A415920,ETF,PLUS 글로벌희토류&전략자원생산기업,415920,0.5,실물(패시브),해외,주식,환노출,0.5,LSEG
KR7417450004,A417450,ETF,RISE 글로벌수소경제,417450,0.4,실물(패시브),해외,주식,환노출,0.4,LSEG
KR7417630001,A417630,ETF,TIGER KEDI혁신기업ESG30,417630,0.5,실물(패시브),국내,주식,환노출,0.5,LSEG
KR7419430004,A419430,ETF,KODEX 차이나2차전지MSCI(합성),419430,0.25,합성(패시브),해외,주식,합성,0.25,LSEG
KR7419650007,A419650,ETF,PLUS 글로벌수소&차세대연료전지,419650,0.5,실물(패시브),해외,주식,환노출,0.5,LSEG
KR7421320003,A421320,ETF,PLUS 우주항공,421320,0.45,실물(패시브),국내,주식,환노출,0.45,LSEG
KR7423920008,A423920,ETF,TIGER 미국필라델피아반도체레버리지(합성),423920,0.58,합성(패시브),해외,주식,합성,0.58,LSEG
KRG500000762,Q500076,ETN,신한 S&P500 VIX S/T 선물 ETN D,500076,,,,,,,
KR70167A0001,A0167A0,ETF,SOL AI반도체TOP2플러스,0167A0,0.45,실물(패시브),국내,주식,환노출,0.45,LSEG
KR70172Y0006,A0172Y0,ETF,ACE K수출핵심TOP10산업액티브,0172Y0,0.5,실물(액티브),국내,주식,환노출,0.5,LSEG
KR70180V0009,A0180V0,ETF,ACE 미국우주테크액티브,0180V0,0.8,실물(액티브),해외,주식,환노출,0.8,LSEG
KR70183V0006,A0183V0,ETF,KIWOOM 삼성전자&SK하이닉스채권혼합50,0183V0,0.07,실물(패시브),국내,혼합자산,환노출,0.07,LSEG
KR70184N0005,A0184N0,ETF,PLUS 은채권혼합,0184N0,,,,,,,
KR70190M0008,A0190M0,ETF,KIWOOM 미국AI테크하이베타,0190M0,,,,,,,
KR70192L0007,A0192L0,ETF,RISE SK하이닉스단일종목레버리지,0192L0,,,,,,,
KR7435040001,A435040,ETF,ACE 글로벌브랜드TOP10,435040,0.5,실물(패시브),해외,주식,환노출,0.5,LSEG
KR7426150009,A426150,ETF,WON 대한민국국고채액티브,426150,0.07,실물(액티브),국내,채권,환노출,0.07,LSEG
KR7426330007,A426330,ETF,KIWOOM 미국ETF산업STOXX,426330,,,,,,,
KR7427120001,A427120,ETF,RISE AI플랫폼,427120,0.45,실물(패시브),국내,주식,환노출,0.45,LSEG
KR7429740004,A429740,ETF,PLUS K리츠,429740,0.25,실물(패시브),국내,부동산,환노출,0.25,LSEG
KR7433330008,A433330,ETF,SOL 미국S&P500,433330,0.05,실물(패시브),해외,주식,환노출,0.05,LSEG
KR7433850005,A433850,ETF,PLUS TDF2030액티브,433850,,,,,,,
KR7433970001,A433970,ETF,KODEX TDF2030액티브 적격,433970,0.2,실물(액티브),국내&해외,혼합자산,환노출,0.2,LSEG
KR7433980000,A433980,ETF,KODEX TDF2040액티브 적격,433980,0.25,실물(액티브),국내&해외,혼합자산,환노출,0.25,LSEG
KR70192S0000,A0192S0,ETF,SOL 코스피200채권혼합50,0192S0,,,,,,,
KR70193G0003,A0193G0,ETF,KoAct 코스피액티브,0193G0,,,,,,,
KR70193M0005,A0193M0,ETF,BNK 27-12 특수채(AAA이상)액티브,0193M0,,,,,,,
KR70195S0007,A0195S0,ETF,TIGER SK하이닉스단일종목레버리지,0195S0,,,,,,,
KR70197W0009,A0197W0,ETF,SOL SK하이닉스단일종목레버리지,0197W0,,,,,,,
KR70198D0001,A0198D0,ETF,1Q SK하이닉스선물단일종목레버리지,0198D0,,,,,,,
KR70203D0004,A0203D0,ETF,PLUS 200위클리커버드콜채권혼합,0203D0,,,,,,,
KR70221V0000,A0221V0,ETF,IBK 초단기채권액티브,0221V0,,,,,,,
KR7436140008,A436140,ETF,SOL 종합채권(AA-이상)액티브,436140,0.04,실물(액티브),국내,채권,환노출,0.04,LSEG
KR7437070006,A437070,ETF,KODEX 아시아달러채권ESG플러스액티브,437070,0.18,실물(액티브),해외,채권,환노출,0.18,LSEG
KR7438330003,A438330,ETF,TIGER 우량회사채액티브,438330,0.1,실물(액티브),국내,채권,환노출,0.1,LSEG
KR7438560005,A438560,ETF,SOL 국고채3년,438560,0.05,실물(패시브),국내,채권,환노출,0.05,LSEG
KR7438570004,A438570,ETF,SOL 국고채10년,438570,0.05,실물(패시브),국내,채권,환노출,0.05,LSEG
KR7438740003,A438740,ETF,MIDAS 중소형액티브,438740,0.62,실물(액티브),국내,주식,환노출,0.62,LSEG
KR7438900003,A438900,ETF,HANARO Fn K-푸드,438900,0.45,실물(패시브),국내,주식,환노출,0.45,LSEG
KRG550000761,Q550076,ETN,N2 US 500 월간레버리지 ETN(H),550076,,,,,,,
KR70221Z0006,A0221Z0,ETF,ACE K바이오코스닥액티브,0221Z0,,,,,,,
KR70225V0006,A0225V0,ETF,KODEX 미국CPU반도체TOP10,0225V0,,,,,,,
KR70226A0000,A0226A0,ETF,PLUS SK하이닉스샌디스크채권혼합50,0226A0,,,,,,,
KR70226G0004,A0226G0,ETF,WON 피지컬AI TOP2플러스액티브,0226G0,,,,,,,
KR7069500007,A069500,ETF,KODEX 200,069500,0.15,실물(패시브),국내,주식,환노출,0.15,LSEG
KR7091170001,A091170,ETF,KODEX 은행,091170,0.3,실물(패시브),국내,주식,환노출,0.3,LSEG
KR7091180000,A091180,ETF,KODEX 자동차,091180,0.45,실물(패시브),국내,주식,환노출,0.45,LSEG
KR7099140006,A099140,ETF,KODEX 차이나H,099140,0.12,실물(패시브),해외,주식,환노출,0.12,LSEG
KR7444200000,A444200,ETF,SOL 코리아메가테크액티브,444200,0.55,실물(액티브),국내,주식,환노출,0.55,LSEG
KR7444490007,A444490,ETF,WON 미국S&P500,444490,0.05,실물(패시브),해외,주식,환노출,0.05,LSEG
KR7445290000,A445290,ETF,KODEX 로봇액티브,445290,0.5,실물(액티브),국내,주식,환노출,0.5,LSEG
KR7446690000,A446690,ETF,KODEX 아시아AI반도체exChina액티브,446690,0.5,실물(액티브),해외,주식,환노출,0.5,LSEG
KR7446700007,A446700,ETF,RISE 배터리 리사이클링,446700,0.4,실물(패시브),국내,주식,환노출,0.4,LSEG
KR7448290007,A448290,ETF,TIGER 미국S&P500(H),448290,0.07,실물(패시브),해외,주식,환헤지,0.07,LSEG
KR7449170000,A449170,ETF,TIGER KOFR금리액티브(합성),449170,0.03,합성(액티브),국내,기타,합성,0.03,LSEG
KR7476810007,A476810,ETF,KODEX 25-11 은행채(AA-이상)PLUS액티브,476810,,,,,,,
KR7102780004,A102780,ETF,KODEX 삼성그룹,102780,0.25,실물(패시브),국내,주식,환노출,0.4,RDB
KR7102960002,A102960,ETF,KODEX 기계장비,102960,0.45,실물(패시브),국내,주식,환노출,0.49,RDB
KR7104520002,A104520,ETF,KIWOOM 블루칩,104520,0.4,실물(패시브),국내,주식,환노출,0.4,LSEG
KR7105780001,A105780,ETF,RISE 5대그룹주,105780,0.4,실물(패시브),국내,주식,환노출,0.52,RDB
KR7108450008,A108450,ETF,ACE 삼성그룹섹터가중,108450,0.15,실물(패시브),국내,주식,환노출,0.4,RDB
KR7108590001,A108590,ETF,TREX 200,108590,0.325,실물(패시브),국내,주식,환노출,0.325,LSEG
KR7114100001,A114100,ETF,RISE 국고채3년,114100,0.115,실물(패시브),국내,채권,환노출,0.52,RDB
KR7114460009,A114460,ETF,ACE 국고채3년,114460,0.15,실물(패시브),국내,채권,환노출,0.4,RDB
KR7449770007,A449770,ETF,KIWOOM 미국S&P500,449770,0.021,실물(패시브),해외,주식,환노출,0.021,LSEG
KR7451530000,A451530,ETF,TIGER 국고채30년스트립액티브,451530,0.15,실물(액티브),국내,채권,환노출,0.15,LSEG
KR7453810004,A453810,ETF,KODEX 인도Nifty50,453810,0.19,실물(패시브),해외,주식,환노출,0.19,LSEG
KR7453870008,A453870,ETF,TIGER 인도니프티50,453870,0.19,실물(패시브),해외,주식,환노출,0.19,LSEG
KR7453950008,A453950,ETF,TIGER TSMC파운드리밸류체인,453950,0.49,실물(패시브),해외,주식,환노출,0.49,LSEG
KR7455660001,A455660,ETF,ACE 미국하이일드액티브(H),455660,0.24,실물(액티브),해외,채권,환헤지,0.24,LSEG
KR7455960005,A455960,ETF,RISE 미국달러SOFR금리액티브(합성),455960,0.05,합성(액티브),해외,기타,합성,0.05,LSEG
KRG550000779,Q550077,ETN,N2 S&P500 버퍼10% 3월 ETN(H),550077,,,,,,,
KR7122260003,A122260,ETF,KIWOOM 통안채1년,122260,0.05,실물(패시브),국내,채권,환노출,0.05,LSEG
KR7122630007,A122630,ETF,KODEX 레버리지,122630,0.64,실물(패시브),국내,주식,환노출,0.4,RDB
KR7130680002,A130680,ETF,TIGER 원유선물Enhanced(H),130680,0.69,실물(패시브),해외,원자재,환헤지,0.69,LSEG
KR7137610002,A137610,ETF,TIGER 농산물선물Enhanced(H),137610,0.69,실물(패시브),해외,원자재,환헤지,0.69,LSEG
KR7138530001,A138530,ETF,TIGER LG그룹플러스,138530,0.15,실물(패시브),국내,주식,환노출,0.15,LSEG
KR7139240006,A139240,ETF,TIGER 200 철강소재,139240,0.34,실물(패시브),국내,주식,환노출,0.4,RDB
KR7139280002,A139280,ETF,TIGER 경기방어,139280,0.4,실물(패시브),국내,주식,환노출,0.16,RDB
KRG520000990,Q520099,ETN,미래에셋 인버스 2X 반도체 ETN,520099,,,,,,,
KR7456250000,A456250,ETF,KODEX 유럽명품TOP10 STOXX,456250,0.45,실물(패시브),해외,주식,환노출,0.45,LSEG
KR7456880004,A456880,ETF,ACE 미국달러SOFR금리(합성),456880,0.05,합성(패시브),해외,기타,합성,0.05,LSEG
KR7457480002,A457480,ETF,ACE 테슬라밸류체인액티브,457480,0.29,실물(액티브),해외,주식,환노출,0.29,LSEG
KR7457690006,A457690,ETF,KODEX 33-06 국고채액티브,457690,0.15,실물(액티브),국내,채권,환노출,0.15,LSEG
KR7457700003,A457700,ETF,KODEX 53-09 국고채액티브,457700,0.15,실물(액티브),국내,채권,환노출,0.15,LSEG
KR7458210002,A458210,ETF,KIWOOM CD금리액티브(합성),458210,0.03,합성(액티브),국내,기타,합성,0.03,LSEG
KR7458730009,A458730,ETF,TIGER 미국배당다우존스,458730,0.01,실물(패시브),해외,주식,환노출,0.01,LSEG
KRG522100103,Q520010,ETN,미래에셋 원유선물혼합 ETN(H),520010,,,,,,,
KR7139660005,A139660,ETF,KIWOOM 미국달러선물인버스,139660,0.49,실물(패시브),국내,통화,환노출,0.49,LSEG
KR7140700006,A140700,ETF,KODEX 보험,140700,0.45,실물(패시브),국내,주식,환노출,0.49,RDB
KR7152100004,A152100,ETF,PLUS 200,152100,0.017,실물(패시브),국내,주식,환노출,0.017,LSEG
KR7152500005,A152500,ETF,ACE 레버리지,152500,0.3,실물(패시브),국내,주식,환노출,0.3,LSEG
KR7156080004,A156080,ETF,KODEX MSCI Korea,156080,0.09,실물(패시브),국내,주식,환노출,0.09,LSEG
KR7160580007,A160580,ETF,TIGER 구리실물,160580,0.83,실물(패시브),해외,원자재,환노출,0.83,LSEG
KR7167860006,A167860,ETF,KIWOOM 국고채10년레버리지,167860,0.3,실물(패시브),국내,채권,환노출,0.3,LSEG
KR7174360008,A174360,ETF,RISE 중국본토대형주CSI100,174360,0.65,실물(패시브),해외,주식,환노출,0.65,LSEG
KR7459750006,A459750,ETF,RISE 글로벌주식분산액티브,459750,0.2,실물(액티브),해외,주식,환노출,0.2,LSEG
KR7460280001,A460280,ETF,KIWOOM Fn유전자혁신기술,460280,,,,,,,
KR7461490005,A461490,ETF,RISE 글로벌자산배분액티브,461490,0.01,실물(액티브),해외,혼합자산,환노출,0.01,LSEG
KR7462330002,A462330,ETF,KODEX 2차전지산업레버리지,462330,0.49,실물(패시브),국내,주식,환노출,0.49,LSEG
KR7463250001,A463250,ETF,TIGER K방산&우주,463250,0.45,실물(패시브),국내,주식,환노출,0.45,LSEG
KR7463300004,A463300,ETF,RISE 중국본토CSI300,463300,0.05,실물(패시브),해외,주식,환노출,0.05,LSEG
KR7465670008,A465670,ETF,TIGER 미국캐시카우100,465670,0.25,실물(패시브),해외,주식,환노출,0.25,LSEG
KR7466810009,A466810,ETF,BNK 2차전지양극재,466810,0.395,실물(패시브),국내,주식,환노출,0.395,LSEG
KR7181480005,A181480,ETF,ACE 미국부동산리츠(합성 H),181480,0.3,합성(패시브),해외,부동산,환노출,0.3,LSEG
KR7185680006,A185680,ETF,KODEX 미국S&P바이오(합성),185680,0.25,합성(패시브),해외,주식,합성,0.25,LSEG
KR7195920004,A195920,ETF,TIGER 일본TOPIX(합성 H),195920,0.24,합성(패시브),해외,주식,환노출,0.24,LSEG
KR7196030001,A196030,ETF,ACE 일본TOPIX레버리지(H),196030,0.5,실물(패시브),해외,주식,환헤지,0.49,RDB
KR7196230007,A196230,ETF,RISE 단기통안채,196230,0.13,실물(패시브),국내,채권,환노출,0.13,LSEG
KR7200250009,A200250,ETF,KIWOOM 인도Nifty50(합성),200250,0.29,합성(패시브),해외,주식,합성,0.29,LSEG
KR7204480008,A204480,ETF,TIGER 차이나CSI300레버리지(합성),204480,0.58,합성(패시브),해외,주식,합성,0.58,LSEG
KRG550000860,Q550086,ETN,N2 미국달러 SOFR금리 플러스 ETN,550086,,,,,,,
KR7466920006,A466920,ETF,SOL 조선TOP3플러스,466920,0.45,실물(패시브),국내,주식,환노출,0.45,LSEG
KR7466950003,A466950,ETF,TIGER 글로벌AI액티브,466950,0.79,실물(액티브),해외,주식,환노출,0.79,LSEG
KR7468820006,A468820,ETF,WON 25-09 회사채(AA-이상)액티브,468820,,,,,,,
KR7469070007,A469070,ETF,RISE AI&로봇,469070,0.4,실물(패시브),국내,주식,환노출,0.4,LSEG
KR7469530000,A469530,ETF,RISE 미국달러선물인버스,469530,0.05,실물(패시브),국내,통화,환노출,0.05,LSEG
KR7469580005,A469580,ETF,RISE KP달러채권액티브,469580,,,,,,,
KR7469830004,A469830,ETF,SOL 초단기채권액티브,469830,0.05,실물(액티브),국내,채권,환노출,0.05,LSEG
KR7470310004,A470310,ETF,UNICORN 생성형AI강소기업액티브,470310,0.5,실물(액티브),국내,주식,환노출,0.5,LSEG
KRG500000879,Q500087,ETN,신한 26-05 은행채(AAA) ETN,500087,,,,,,,
KR7213610009,A213610,ETF,KODEX 삼성그룹밸류,213610,0.09,실물(패시브),국내,주식,환노출,0.4,RDB
KR7213630007,A213630,ETF,PLUS 미국다우존스고배당주(합성 H),213630,0.4,합성(패시브),해외,주식,환노출,0.4,LSEG
KR7215620006,A215620,ETF,HK S&P코리아로우볼,215620,0.4,실물(패시브),국내,주식,환노출,0.4,LSEG
KR7219390002,A219390,ETF,RISE 미국S&P원유생산기업(합성 H),219390,0.25,합성(패시브),해외,주식,환노출,0.52,RDB
KR7226380004,A226380,ETF,ACE Fn성장소비주도주,226380,0.5,실물(패시브),국내,주식,환노출,0.4,RDB
KR7227550001,A227550,ETF,TIGER 200 산업재,227550,0.4,실물(패시브),국내,주식,환노출,0.4,LSEG
KR7228790002,A228790,ETF,TIGER 화장품,228790,0.5,실물(패시브),국내,주식,환노출,0.5,LSEG
KRG530000907,Q530090,ETN,삼성 인버스 은 선물 ETN(H),530090,,,,,,,
KR7471990002,A471990,ETF,KODEX AI반도체핵심장비,471990,0.39,실물(패시브),국내,주식,환노출,0.39,LSEG
KR7472150002,A472150,ETF,TIGER 배당커버드콜액티브,472150,0.5,실물(액티브),국내,주식,환노출,0.5,LSEG
KR7472160001,A472160,ETF,TIGER 미국테크TOP10 INDXX(H),472160,0.49,실물(패시브),해외,주식,환헤지,0.49,LSEG
KR7472350008,A472350,ETF,1Q 차이나H(H),472350,,,,,,,
KR7473330009,A473330,ETF,SOL 미국30년국채커버드콜(합성),473330,0.25,합성(패시브),해외,채권,합성,0.25,LSEG
KR7473490001,A473490,ETF,KIWOOM 글로벌AI반도체,473490,0.4,실물(패시브),국내&해외,주식,환노출,0.4,LSEG
KR7474920006,A474920,ETF,에셋플러스 차이나일등기업포커스10액티브,474920,0.99,실물(액티브),해외,주식,환노출,0.99,LSEG
KRG501500364,Q500036,ETN,신한 인버스 2X 미국달러 선물 ETN,500036,,,,,,,
KR7229200001,A229200,ETF,KODEX 코스닥150,229200,0.25,실물(패시브),국내,주식,환노출,0.4,RDB
KR7243890001,A243890,ETF,TIGER 200에너지화학레버리지,243890,0.69,실물(패시브),국내,주식,환노출,0.69,LSEG
KR7244580007,A244580,ETF,KODEX 바이오,244580,0.45,실물(패시브),국내,주식,환노출,0.45,LSEG
KR7244660007,A244660,ETF,KODEX 퀄리티Plus,244660,0.3,실물(패시브),국내,주식,환노출,0.3,LSEG
KR7250730009,A250730,ETF,RISE 차이나HSCEI(H),250730,0.021,실물(패시브),해외,주식,환헤지,0.021,LSEG
KR7251340006,A251340,ETF,KODEX 코스닥150선물인버스,251340,0.64,실물(패시브),국내,주식,환노출,0.64,RDB
KR7252000005,A252000,ETF,TIGER 200동일가중,252000,0.21,실물(패시브),국내,주식,환노출,0.21,LSEG
KR7253240006,A253240,ETF,KIWOOM 200선물인버스,253240,0.46,실물(패시브),국내,주식,환노출,0.46,LSEG
KR7475050001,A475050,ETF,ACE KPOP포커스,475050,0.3,실물(패시브),국내,주식,환노출,0.3,LSEG
KR7475080008,A475080,ETF,KODEX 테슬라커버드콜채권혼합액티브,475080,0.39,실물(액티브),국내&해외,혼합자산,환노출,0.39,LSEG
KR7475270005,A475270,ETF,ACE 5월만기자동연장회사채AA-이상액티브,475270,0.05,실물(액티브),국내,채권,환노출,0.05,LSEG
KR7475300000,A475300,ETF,SOL 반도체전공정,475300,0.45,실물(패시브),국내,주식,환노출,0.45,LSEG
KR7476000005,A476000,ETF,UNICORN 포스트IPO액티브,476000,0.5,실물(액티브),국내,주식,환노출,0.5,LSEG
KR7476690003,A476690,ETF,TIGER 글로벌비만치료제TOP2Plus,476690,0.45,실물(패시브),해외,주식,환노출,0.45,LSEG
KR7476800008,A476800,ETF,KODEX 한국부동산리츠인프라,476800,0.09,실물(패시브),국내,부동산,환노출,0.09,LSEG
KRG530000980,Q530098,ETN,삼성 블룸버그 WTI원유 선물 ETN,530098,,,,,,,
KR7253280002,A253280,ETF,RISE 헬스케어,253280,0.4,실물(패시브),국내,주식,환노출,0.4,LSEG
KR7261110001,A261110,ETF,TIGER 미국달러선물레버리지,261110,0.05,실물(패시브),국내,통화,환노출,0.05,LSEG
KR7261240006,A261240,ETF,KODEX 미국달러선물,261240,0.25,실물(패시브),국내,통화,환노출,0.25,LSEG
KR7265690008,A265690,ETF,ACE 러시아MSCI(합성),265690,0.0,합성(패시브),해외,주식,합성,0.0,LSEG
KR7266360007,A266360,ETF,KODEX K콘텐츠,266360,0.45,실물(패시브),국내,주식,환노출,0.45,LSEG
KR7269530002,A269530,ETF,PLUS S&P글로벌인프라,269530,0.3,실물(패시브),해외,주식,환노출,0.3,LSEG
KR7272560004,A272560,ETF,RISE 단기국공채액티브,272560,0.07,실물(액티브),국내,채권,환노출,0.07,LSEG
KR7276000007,A276000,ETF,TIGER 글로벌자원생산기업(합성 H),276000,0.4,합성(패시브),해외,주식,환노출,0.4,LSEG
KR7477080006,A477080,ETF,RISE CD금리액티브(합성),477080,0.02,합성(액티브),국내,기타,합성,0.02,LSEG
KR7478150006,A478150,ETF,TIME 글로벌우주테크&방산액티브,478150,0.8,실물(액티브),해외,주식,환노출,0.8,LSEG
KR7480030006,A480030,ETF,ACE 미국500데일리타겟커버드콜(합성),480030,0.45,합성(패시브),해외,주식,합성,0.45,LSEG
KR7481050003,A481050,ETF,KODEX CD1년금리플러스액티브(합성),481050,0.05,합성(액티브),국내,기타,합성,0.05,LSEG
KR7481180008,A481180,ETF,SOL 미국AI소프트웨어,481180,0.45,실물(패시브),해외,주식,환노출,0.45,LSEG
KR7483280004,A483280,ETF,KODEX 미국AI테크TOP10타겟커버드콜,483280,0.39,실물(패시브),해외,주식,환노출,0.39,LSEG
KR7483330007,A483330,ETF,ACE 마이크로소프트밸류체인액티브,483330,0.45,실물(액티브),해외,주식,환노출,0.45,LSEG
KR7276650009,A276650,ETF,RISE 글로벌테크놀로지(합성 H),276650,0.4,합성(패시브),국내&해외,주식,환노출,0.4,LSEG
KR7276990009,A276990,ETF,KODEX 글로벌로봇(합성),276990,0.3,합성(패시브),국내&해외,주식,합성,0.3,LSEG
KR7277540001,A277540,ETF,ACE 아시아TOP50,277540,0.7,실물(패시브),국내&해외,주식,환노출,0.7,LSEG
KR7277640009,A277640,ETF,TIGER 코스피대형주,277640,0.24,실물(패시브),국내,주식,환노출,0.24,LSEG
KR7279540009,A279540,ETF,KODEX 최소변동성,279540,0.3,실물(패시브),국내,주식,환노출,0.3,LSEG
KR7280930009,A280930,ETF,KODEX 미국러셀2000(H),280930,0.45,실물(패시브),해외,주식,환헤지,0.45,LSEG
KR7280940008,A280940,ETF,KODEX 골드선물인버스(H),280940,0.45,실물(패시브),해외,원자재,환헤지,0.45,LSEG
KR7283580009,A283580,ETF,KODEX 차이나CSI300,283580,0.12,실물(패시브),해외,주식,환노출,0.12,LSEG
KR7483340006,A483340,ETF,ACE 구글밸류체인액티브,483340,0.45,실물(액티브),해외,주식,환노출,0.45,LSEG
KR7484790001,A484790,ETF,KODEX 미국30년국채액티브(H),484790,0.015,실물(액티브),해외,채권,환헤지,0.015,LSEG
KR7486240005,A486240,ETF,DAISHIN AI반도체&인프라액티브,486240,0.36,실물(액티브),국내,주식,환노출,0.36,LSEG
KR7488200007,A488200,ETF,KIWOOM K-2차전지북미공급망,488200,0.49,실물(패시브),국내,주식,환노출,0.49,LSEG
KR7488290008,A488290,ETF,MIDAS 일본테크액티브,488290,0.65,실물(액티브),해외,주식,환노출,0.65,LSEG
KR7488720004,A488720,ETF,WON 종합채권(AA-이상)액티브,488720,0.045,실물(액티브),국내,채권,환노출,0.045,LSEG
KR7490480001,A490480,ETF,SOL K방산,490480,0.45,실물(패시브),국내,주식,환노출,0.45,LSEG
KRG530001111,Q530111,ETN,삼성 레버리지 천연가스 선물 ETN C,530111,,,,,,,
KR7491610002,A491610,ETF,1Q CD금리액티브(합성),491610,0.02,합성(액티브),국내,기타,합성,0.02,LSEG
KR7494180003,A494180,ETF,TIME 글로벌소비트렌드액티브,494180,0.8,실물(액티브),해외,주식,환노출,0.8,LSEG
KR7494310006,A494310,ETF,KODEX 반도체레버리지,494310,0.49,실물(패시브),국내,주식,환노출,0.49,LSEG
KR7494900004,A494900,ETF,TIGER 25-12 금융채(AA-이상),494900,,,,,,,
KR7495060006,A495060,ETF,TIME 코리아밸류업액티브,495060,0.8,실물(액티브),국내,주식,환노출,0.8,LSEG
KR7495230005,A495230,ETF,KoAct 코리아밸류업액티브,495230,0.5,실물(액티브),국내,주식,환노출,0.5,LSEG
KR7496130006,A496130,ETF,TRUSTON 코리아밸류업액티브,496130,0.785,실물(액티브),국내,주식,환노출,0.785,LSEG
KR7496770009,A496770,ETF,PLUS 글로벌방산,496770,0.45,실물(패시브),해외,주식,환노출,0.45,LSEG
KR7497780007,A497780,ETF,KoAct 미국천연가스인프라액티브,497780,0.5,실물(액티브),해외,주식,환노출,0.5,LSEG
KRG500000564,Q500056,ETN,신한 레버리지 Russell 2000 ETN,500056,,,,,,,
KRG500000721,Q500072,ETN,신한 인버스 2X 코스닥 150 선물 ETN,500072,,,,,,,
KRG500000788,Q500078,ETN,신한 S&P 유로 선물 ETN(H),500078,,,,,,,
KRG500000820,Q500082,ETN,신한 블룸버그 2X 천연가스 선물 ETN,500082,,,,,,,
KRG500000895,Q500089,ETN,신한 26-05 공사채(AAA) ETN,500089,,,,,,,
KRG500000903,Q500090,ETN,신한 2X 26-05 공사채(AAA) ETN,500090,,,,,,,
KRG500000960,Q500096,ETN,신한 인버스2X 천연가스 선물 ETN B,500096,,,,,,,
KRG500000978,Q500097,ETN,신한 레버리지 Russell 2000 ETN B,500097,,,,,,,
KRG500001018,Q500101,ETN,신한 블룸버그 천연가스 선물 ETN,500101,,,,,,,
KR7275290005,A275290,ETF,KODEX 가치주,275290,0.3,실물(패시브),국내,주식,환노출,0.3,LSEG
KR7278530001,A278530,ETF,KODEX 200TR,278530,0.05,실물(패시브),국내,주식,환노출,0.05,LSEG
KR7278540000,A278540,ETF,KODEX MSCI Korea TR,278540,0.09,실물(패시브),국내,주식,환노출,0.09,LSEG
KR7280320003,A280320,ETF,ACE 미국IT인터넷(합성 H),280320,0.5,합성(패시브),해외,주식,환노출,0.5,LSEG
KR7281990002,A281990,ETF,RISE 중소형고배당,281990,0.3,실물(패시브),국내,주식,환노출,0.3,LSEG
KR7289250003,A289250,ETF,TIGER MSCI KOREA ESG유니버설,289250,0.4,실물(패시브),국내,주식,환노출,0.4,LSEG
KR7290080001,A290080,ETF,RISE 200고배당커버드콜ATM,290080,0.4,실물(패시브),국내,주식,환노출,0.4,LSEG
KRG520000404,Q520040,ETN,미래에셋 인버스 코스닥150 선물 ETN,520040,,,,,,,
KR7291620003,A291620,ETF,KIWOOM 코스닥150선물인버스,291620,0.09,실물(패시브),국내,주식,환노출,0.09,LSEG
KR7291890002,A291890,ETF,KODEX MSCI EM선물(H),291890,0.45,실물(패시브),해외,주식,환헤지,0.45,LSEG
KR7293180006,A293180,ETF,HANARO 200,293180,0.036,실물(패시브),국내,주식,환노출,0.036,LSEG
KR7295020002,A295020,ETF,RISE 국채선물10년인버스,295020,0.07,실물(패시브),국내,채권,환노출,0.07,LSEG
KR7301400008,A301400,ETF,PLUS 코스닥150,301400,0.15,실물(패시브),국내,주식,환노출,0.15,LSEG
KR7304670003,A304670,ETF,KODEX 미국30년국채울트라선물인버스(H),304670,0.3,실물(패시브),해외,채권,환헤지,0.3,LSEG
KR7304760002,A304760,ETF,HANARO KRX300,304760,0.05,실물(패시브),국내,주식,환노출,0.05,LSEG
KR7304770001,A304770,ETF,HANARO 코스닥150,304770,0.2,실물(패시브),국내,주식,환노출,0.2,LSEG
KR7305720005,A305720,ETF,KODEX 2차전지산업,305720,0.45,실물(패시브),국내,주식,환노출,0.45,LSEG
KR7306520008,A306520,ETF,HANARO 200선물인버스,306520,0.45,실물(패시브),국내,주식,환노출,0.45,LSEG
KR7314700006,A314700,ETF,HANARO 농업융복합산업,314700,0.5,실물(패시브),국내,주식,환노출,0.5,LSEG
KR7321410003,A321410,ETF,KODEX 멀티에셋하이인컴(H),321410,0.25,실물(패시브),해외,혼합자산,환헤지,0.25,LSEG
KR7325010007,A325010,ETF,KODEX 성장주,325010,0.3,실물(패시브),국내,주식,환노출,0.3,LSEG
KR7326230000,A326230,ETF,RISE 내수주플러스,326230,0.4,실물(패시브),국내,주식,환노출,0.4,LSEG
KR7326240009,A326240,ETF,RISE IT플러스,326240,0.4,실물(패시브),국내,주식,환노출,0.4,LSEG
KRG520000461,Q520046,ETN,미래에셋 레버리지 옥수수 선물 ETN,520046,,,,,,,
KR7329200000,A329200,ETF,TIGER 리츠부동산인프라,329200,0.08,실물(패시브),국내,부동산,환노출,0.08,LSEG
KR7329750004,A329750,ETF,TIGER 미국달러단기채권액티브,329750,0.3,실물(액티브),해외,채권,환노출,0.3,LSEG
KR7334700002,A334700,ETF,RISE 팔라듐선물인버스(H),334700,0.6,실물(패시브),해외,원자재,환헤지,0.6,LSEG
KR7352540009,A352540,ETF,KODEX 일본부동산리츠(H),352540,0.3,실물(패시브),해외,부동산,환헤지,0.3,LSEG
KR7352560007,A352560,ETF,KODEX 미국부동산리츠(H),352560,0.09,실물(패시브),해외,부동산,환헤지,0.09,LSEG
KR7364970004,A364970,ETF,TIGER 바이오TOP10,364970,0.4,실물(패시브),국내,주식,환노출,0.4,LSEG
KR7364980003,A364980,ETF,TIGER 2차전지TOP10,364980,0.4,실물(패시브),국내,주식,환노출,0.4,LSEG
KRG502400184,Q500018,ETN,신한 구리 선물 ETN(H),500018,,,,,,,
KRG520000560,Q520056,ETN,미래에셋 레버리지 코스닥150 선물 ETN,520056,,,,,,,
KRG520000685,Q520068,ETN,미래에셋 2X 홍콩H 선물 ETN,520068,,,,,,,
KRG520000693,Q520069,ETN,미래에셋 -2X 홍콩H 선물 ETN(H),520069,,,,,,,
KRG520000735,Q520073,ETN,미래에셋 레버리지 미국 AI TOP3 ETN,520073,,,,,,,
KRG520000776,Q520077,ETN,미래에셋 -1.5X 천연가스 선물 ETN,520077,,,,,,,
KRG520000875,Q520087,ETN,미래에셋 레버리지 KRX 금현물 ETN,520087,,,,,,,
KRG520000883,Q520088,ETN,미래에셋 S&P500 VIX S/T 선물 ETN(H),520088,,,,,,,
KRG520000909,Q520090,ETN,미래에셋 천연가스 선물 ETN B,520090,,,,,,,
KRG520000941,Q520094,ETN,미래에셋 CD금리 플러스 ETN,520094,,,,,,,
KRG510000166,Q510016,ETN,대신 천연가스 선물 ETN(H),510016,,,,,,,
KR7364990002,A364990,ETF,TIGER 게임TOP10,364990,0.4,실물(패시브),국내,주식,환노출,0.4,LSEG
KR7367740008,A367740,ETF,HANARO Fn5G산업,367740,0.45,실물(패시브),국내,주식,환노출,0.45,LSEG
KR7368680005,A368680,ETF,KODEX K-뉴딜디지털플러스,368680,0.09,실물(패시브),국내,주식,환노출,0.09,LSEG
KR7371150004,A371150,ETF,RISE 차이나항셍테크,371150,0.14,실물(패시브),해외,주식,환노출,0.14,LSEG
KR7373490002,A373490,ETF,KODEX 코리아혁신성장액티브,373490,0.5,실물(액티브),국내,주식,환노출,0.5,LSEG
KR7381170000,A381170,ETF,TIGER 미국테크TOP10 INDXX,381170,0.49,실물(패시브),해외,주식,환노출,0.49,LSEG
KR7388280000,A388280,ETF,RISE K엔터&여행레저,388280,0.45,실물(패시브),국내,주식,환노출,0.45,LSEG
KR7391670007,A391670,ETF,HK 베스트일레븐액티브,391670,0.3,실물(액티브),국내,주식,환노출,0.3,LSEG
KR7284980000,A284980,ETF,RISE 200금융,284980,0.19,실물(패시브),국내,주식,환노출,0.19,LSEG
KR7289260002,A289260,ETF,TIGER MSCI KOREA ESG리더스,289260,0.4,실물(패시브),국내,주식,환노출,0.4,LSEG
KR7291680007,A291680,ETF,RISE 차이나H선물인버스(H),291680,0.6,실물(패시브),해외,주식,환헤지,0.6,LSEG
KR7292050002,A292050,ETF,RISE KRX300,292050,0.05,실물(패시브),국내,주식,환노출,0.05,LSEG
KR7292150000,A292150,ETF,TIGER 코리아TOP10,292150,0.15,실물(패시브),국내,주식,환노출,0.15,LSEG
KR7292160009,A292160,ETF,TIGER KRX300,292160,0.07,실물(패시브),국내,주식,환노출,0.07,LSEG
KR7292730009,A292730,ETF,FOCUS KRX300,292730,,,,,,,
KR7292770005,A292770,ETF,KODEX 국채선물3년인버스,292770,0.07,실물(패시브),국내,채권,환노출,0.07,LSEG
KR7394350003,A394350,ETF,KIWOOM 글로벌퓨처모빌리티,394350,,,,,,,
KR7395150006,A395150,ETF,KODEX 웹툰&드라마,395150,0.45,실물(패시브),국내,주식,환노출,0.45,LSEG
KR7395160005,A395160,ETF,KODEX AI반도체TOP2플러스,395160,0.45,실물(패시브),국내,주식,환노출,0.45,LSEG
KR7395170004,A395170,ETF,KODEX Top10동일가중,395170,0.15,실물(패시브),국내,주식,환노출,0.15,LSEG
KR7395280001,A395280,ETF,HANARO Fn K-게임,395280,0.45,실물(패시브),국내,주식,환노출,0.45,LSEG
KR7395290000,A395290,ETF,HANARO Fn K-POP&미디어,395290,0.45,실물(패시브),국내,주식,환노출,0.45,LSEG
KR7395750003,A395750,ETF,PLUS ESG가치주액티브,395750,0.105,실물(액티브),국내,주식,환노출,0.105,LSEG
KR7397420001,A397420,ETF,RISE 국채선물5년추종,397420,0.07,실물(패시브),국내,채권,환노출,0.07,LSEG
KRG530001160,Q530116,ETN,삼성 인버스 2X 나스닥 100 TR ETN,530116,,,,,,,
KRG530001178,Q530117,ETN,삼성 코스피 200 TR ETN,530117,,,,,,,
KRG530001186,Q530118,ETN,삼성 코스닥 150 TR ETN,530118,,,,,,,
KRG530001228,Q530122,ETN,삼성 인버스 2X 항셍테크 TR ETN(H) B,530122,,,,,,,
KRG530001244,Q530124,ETN,삼성 레버리지 일본니케이225선물 ETN(H),530124,,,,,,,
KRG530001285,Q530128,ETN,삼성 레버리지 미국다우존스 선물 ETN,530128,,,,,,,
KRG530001293,Q530129,ETN,삼성 인버스 2X 미국다우존스 선물 ETN,530129,,,,,,,
KRG530001343,Q530134,ETN,삼성 블룸버그 인버스2X WTI원유선물 ETN B,530134,,,,,,,
KRG530001350,Q530135,ETN,삼성 인버스 China A50 선물 ETN(H) B,530135,,,,,,,
KRG530001376,Q530137,ETN,삼성 KRX 2차전지 TOP10 TR ETN,530137,,,,,,,
KR7300610003,A300610,ETF,TIGER K게임,300610,0.5,실물(패시브),국내,주식,환노출,0.5,LSEG
KR7300950003,A300950,ETF,KODEX 게임산업,300950,0.45,실물(패시브),국내,주식,환노출,0.45,LSEG
KR7304780000,A304780,ETF,HANARO 200선물레버리지,304780,0.45,실물(패시브),국내,주식,환노출,0.45,LSEG
KR7305540007,A305540,ETF,TIGER 2차전지테마,305540,0.44,실물(패시브),국내,주식,환노출,0.44,LSEG
KR7307520007,A307520,ETF,TIGER 지주회사,307520,0.5,실물(패시브),국내,주식,환노출,0.5,LSEG
KR7315930008,A315930,ETF,KODEX Top5PlusTR,315930,0.15,실물(패시브),국내,주식,환노출,0.15,LSEG
KR7325020006,A325020,ETF,KODEX 배당가치,325020,0.3,실물(패시브),국내,주식,환노출,0.3,LSEG
KR7404120008,A404120,ETF,TIME K신재생에너지액티브,404120,0.8,실물(액티브),국내,주식,환노출,0.8,LSEG
KR7399580000,A399580,ETF,RISE 글로벌클린에너지,399580,0.4,실물(패시브),해외,주식,환노출,0.4,LSEG
KR7400590006,A400590,ETF,SOL 글로벌탄소배출권선물ICE(합성),400590,0.55,합성(패시브),해외,기타,합성,0.55,LSEG
KR7401170006,A401170,ETF,RISE 메타버스,401170,0.45,실물(패시브),국내,주식,환노출,0.45,LSEG
KR7401470000,A401470,ETF,KODEX 메타버스액티브,401470,0.5,실물(액티브),국내,주식,환노출,0.5,LSEG
KR7401590005,A401590,ETF,HANARO 글로벌탄소배출권선물ICE(합성),401590,0.5,합성(패시브),해외,기타,합성,0.5,LSEG
KR7402460000,A402460,ETF,HANARO Fn K-메타버스MZ,402460,0.45,실물(패시브),국내,주식,환노출,0.45,LSEG
KR7402970008,A402970,ETF,ACE 미국배당다우존스,402970,0.01,실물(패시브),해외,주식,환노출,0.01,LSEG
KRG550000746,Q550074,ETN,N2 블룸버그 2X 천연가스 선물 ETN(H),550074,,,,,,,
KRG530001392,Q530139,ETN,삼성 iSelect 조선 TOP10 TR ETN,530139,,,,,,,
KRG530001459,Q530145,ETN,삼성 레버리지 천연가스 선물 ETN D,530145,,,,,,,
KRG531400676,Q530067,ETN,삼성 KRX 금현물 ETN,530067,,,,,,,
KRG532100168,Q530016,ETN,삼성 미국 대형 가치주 ETN(H),530016,,,,,,,
KRG532400550,Q530055,ETN,삼성 레버리지 금 선물 ETN(H),530055,,,,,,,
KRG550000621,Q550062,ETN,N2 레버리지 금 선물 ETN(H),550062,,,,,,,
KRG550000647,Q550064,ETN,N2 레버리지 은 선물 ETN(H),550064,,,,,,,
KRG550000654,Q550065,ETN,N2 인버스 레버리지 은 선물 ETN(H),550065,,,,,,,
KRG550000704,Q550070,ETN,N2 인버스 레버리지 구리 선물 ETN(H),550070,,,,,,,
KRG550000712,Q550071,ETN,N2 블룸버그 2X WTI원유선물 ETN,550071,,,,,,,
KRG550000738,Q550073,ETN,N2 iSelect-WG 그린에너지 ESG ETN,550073,,,,,,,
KR7329670004,A329670,ETF,KODEX TRF7030,329670,0.1,실물(패시브),국내&해외,혼합자산,환노출,0.1,LSEG
KR7332500008,A332500,ETF,ACE 200TR,332500,0.01,실물(패시브),국내,주식,환노출,0.01,LSEG
KR7332930007,A332930,ETF,HANARO 200TR,332930,0.07,실물(패시브),국내,주식,환노출,0.07,LSEG
KR7337140008,A337140,ETF,KODEX 코스피대형주,337140,0.15,실물(패시브),국내,주식,환노출,0.15,LSEG
KR7341850006,A341850,ETF,TIGER 리츠부동산인프라채권,341850,0.22,실물(패시브),국내,혼합자산,환노출,0.22,LSEG
KR7346000003,A346000,ETF,HANARO KAP초장기국고채,346000,,,,,,,
KR7354240004,A354240,ETF,RISE 미국고정배당우선증권,354240,0.5,실물(패시브),해외,혼합자산,환노출,0.5,LSEG
KRG550000852,Q550085,ETN,N2 코스닥 150 TR ETN,550085,,,,,,,
KR7407310002,A407310,ETF,HANARO 200 TOP10,407310,0.15,실물(패시브),국내,주식,환노출,0.15,LSEG
KR7407820000,A407820,ETF,에셋플러스 코리아플랫폼액티브,407820,0.975,실물(액티브),국내,주식,환노출,0.975,LSEG
KR7407830009,A407830,ETF,에셋플러스 글로벌플랫폼액티브,407830,0.99,실물(액티브),해외,주식,환노출,0.99,LSEG
KR7409820008,A409820,ETF,KODEX 미국나스닥100레버리지(합성 H),409820,0.3,합성(패시브),해외,주식,환노출,0.3,LSEG
KR7418670006,A418670,ETF,TIGER 글로벌AI사이버보안,418670,0.49,실물(패시브),해외,주식,환노출,0.49,LSEG
KR7419890009,A419890,ETF,KIWOOM 단기채권ESG액티브,419890,0.15,실물(액티브),국내,채권,환노출,0.15,LSEG
KR7423160001,A423160,ETF,KODEX KOFR금리액티브(합성),423160,0.05,합성(액티브),국내,기타,합성,0.05,LSEG
KRG550000878,Q550087,ETN,N2 선진국 1등주 ETN,550087,,,,,,,
KR7354350001,A354350,ETF,HANARO 글로벌럭셔리S&P(합성),354350,0.5,합성(패시브),해외,주식,합성,0.5,LSEG
KR7360140008,A360140,ETF,KODEX 200롱코스닥150숏선물,360140,0.64,실물(패시브),국내,주식,환노출,0.64,LSEG
KR7360200000,A360200,ETF,ACE 미국S&P500,360200,0.004,실물(패시브),해외,주식,환노출,0.004,LSEG
KR7363580002,A363580,ETF,KODEX 200IT TR,363580,0.15,실물(패시브),국내,주식,환노출,0.15,LSEG
KR7365000009,A365000,ETF,TIGER 인터넷TOP10,365000,0.4,실물(패시브),국내,주식,환노출,0.4,LSEG
KR7368590006,A368590,ETF,RISE 미국나스닥100,368590,0.006,실물(패시브),해외,주식,환노출,0.006,LSEG
KR7371160003,A371160,ETF,TIGER 차이나항셍테크,371160,0.09,실물(패시브),해외,주식,환노출,0.09,LSEG
KR7373530005,A373530,ETF,PLUS 신흥국MSCI인버스(합성 H),373530,,,,,,,
KR7426020004,A426020,ETF,TIME 미국S&P500액티브,426020,0.8,실물(액티브),해외,주식,환노출,0.8,LSEG
KR7426410007,A426410,ETF,PLUS 미국대체투자Top10,426410,,,,,,,
KR7429010002,A429010,ETF,TIGER 미국나스닥넥스트100,429010,0.49,실물(패시브),해외,주식,환노출,0.49,LSEG
KR7429760002,A429760,ETF,PLUS 미국S&P500,429760,0.07,실물(패시브),해외,주식,환노출,0.07,LSEG
KR7429990005,A429990,ETF,SOL 한국형글로벌플랫폼&메타버스액티브,429990,,,,,,,
KR7432850006,A432850,ETF,HANARO 글로벌백신치료제MSCI,432850,,,,,,,
KR7439860008,A439860,ETF,KODEX ESG종합채권(A-이상)액티브,439860,0.07,실물(액티브),국내,채권,환노출,0.07,LSEG
KR7439870007,A439870,ETF,KODEX 국고채30년액티브,439870,0.05,실물(액티브),국내,채권,환노출,0.05,LSEG
KR7440340008,A440340,ETF,TIGER 글로벌멀티에셋TIF액티브,440340,0.55,실물(액티브),해외,혼합자산,환노출,0.55,LSEG
KRG550000886,Q550088,ETN,N2 월간 레버리지 선진국 1등주 ETN,550088,,,,,,,
KRG550000902,Q550090,ETN,N2 월간 레버리지 코스닥 150 선물 ETN,550090,,,,,,,
KRG550000977,Q550097,ETN,N2 레버리지 코스닥150 선물 ETN,550097,,,,,,,
KRG551800573,Q550057,ETN,N2 코스피 변동성 매칭형 양매도 ETN,550057,,,,,,,
KRG552100452,Q550045,ETN,N2 인버스 레버리지 S&P500 ETN,550045,,,,,,,
KRG570000536,Q570053,ETN,한투 인버스 플래티넘 선물 ETN,570053,,,,,,,
KRG570000544,Q570054,ETN,한투 레버리지 유로스탁스50 ETN(H) B,570054,,,,,,,
KRG570000593,Q570059,ETN,한투 레버리지금선물 ETN,570059,,,,,,,
KRG570000627,Q570062,ETN,한투 인버스 2X 은 선물 ETN,570062,,,,,,,
KRG570000775,Q570077,ETN,한투 블룸버그 WTI원유 선물 ETN,570077,,,,,,,
KRG570000783,Q570078,ETN,한투 블룸버그 레버리지 WTI원유 선물 ETN,570078,,,,,,,
KRG570000890,Q570089,ETN,한투 인버스 0.5X S&P500 VIX S/T 선물 ETN,570089,,,,,,,
KR7377990007,A377990,ETF,TIGER Fn신재생에너지,377990,0.5,실물(패시브),국내,주식,환노출,0.5,LSEG
KR7379810005,A379810,ETF,KODEX 미국나스닥100,379810,0.006,실물(패시브),해외,주식,환노출,0.006,LSEG
KR7385520002,A385520,ETF,KODEX 자율주행액티브,385520,0.5,실물(액티브),국내,주식,환노출,0.5,LSEG
KR7385560008,A385560,ETF,RISE KIS국고채30년Enhanced,385560,0.05,실물(패시브),국내,채권,환노출,0.05,LSEG
KR7385710009,A385710,ETF,TIME K이노베이션액티브,385710,0.8,실물(액티브),국내,주식,환노출,0.8,LSEG
KR7385720008,A385720,ETF,TIME 코스피액티브,385720,0.8,실물(액티브),국내,주식,환노출,0.8,LSEG
KR7396510000,A396510,ETF,TIGER 차이나클린에너지SOLACTIVE,396510,0.49,실물(패시브),해외,주식,환노출,0.49,LSEG
KR7397410002,A397410,ETF,RISE 국채선물5년추종인버스,397410,,,,,,,
KR7440910008,A440910,ETF,WON 미국우주항공방산,440910,0.35,실물(패시브),해외,주식,환노출,0.35,LSEG
KR7441330008,A441330,ETF,KIWOOM 차이나A50커넥트MSCI,441330,,,,,,,
KR7442090007,A442090,ETF,에셋플러스 코리아대장장이액티브,442090,0.975,실물(액티브),국내,주식,환노출,0.975,LSEG
KR7442560009,A442560,ETF,RISE TDF2040액티브 적격,442560,0.01,실물(액티브),국내&해외,기타,환노출,0.01,LSEG
KR7445690001,A445690,ETF,BNK 주주가치액티브,445690,0.495,실물(액티브),국내,주식,환노출,0.495,LSEG
KR7445910003,A445910,ETF,TIGER MKF배당귀족,445910,0.2,실물(패시브),국내,주식,환노출,0.2,LSEG
KR7446720005,A446720,ETF,SOL 미국배당다우존스,446720,0.01,실물(패시브),해외,주식,환노출,0.01,LSEG
KR7422260000,A422260,ETF,VITA MZ소비액티브,422260,0.6,실물(액티브),국내,주식,환노출,0.6,LSEG
KR7407160001,A407160,ETF,KCGI 테크미디어텔레콤액티브,407160,,,,,,,
KR7410870000,A410870,ETF,TIME K컬처액티브,410870,0.8,실물(액티브),국내,주식,환노출,0.8,LSEG
KR7411050008,A411050,ETF,ACE 글로벌메타버스테크액티브,411050,,,,,,,
KR7411060007,A411060,ETF,ACE KRX금현물,411060,0.19,실물(패시브),국내,원자재,환노출,0.19,LSEG
KR7414270009,A414270,ETF,ACE 글로벌자율주행액티브,414270,0.29,실물(액티브),해외,주식,환노출,0.29,LSEG
KR7415340009,A415340,ETF,KODEX 차이나과창판STAR50(합성),415340,0.09,합성(패시브),해외,주식,합성,0.09,LSEG
KR7415760008,A415760,ETF,SOL 차이나육성산업액티브(합성),415760,0.55,합성(액티브),해외,주식,합성,0.55,LSEG
KR7418660007,A418660,ETF,TIGER 미국나스닥100레버리지(합성),418660,0.25,합성(패시브),해외,주식,합성,0.25,LSEG
KRG570001021,Q570102,ETN,한투 레버리지나스닥100 ETN B,570102,,,,,,,
KRG570001070,Q570107,ETN,한투 인버스2X일본니케이225선물 ETN(H),570107,,,,,,,
KRG570001161,Q570116,ETN,한투 레버리지WTI원유선물 ETN B,570116,,,,,,,
KRG570001211,Q570121,ETN,한투 금선물 ETN,570121,,,,,,,
KRG570001245,Q570124,ETN,한투 인버스은선물 ETN,570124,,,,,,,
KRG571100293,Q570029,ETN,한투 코스피양매도3%OTM ETN,570029,,,,,,,
KRG580000260,Q580026,ETN,KB S&P 레버리지 은 선물 ETN(H),580026,,,,,,,
KRG580000336,Q580033,ETN,KB 인버스 2X 구리 선물 ETN(H),580033,,,,,,,
KRG580000369,Q580036,ETN,KB S&P 레버리지 WTI원유 선물 ETN(H),580036,,,,,,,
KRG580000393,Q580039,ETN,KB 레버리지 KOSPI 200 선물 ETN,580039,,,,,,,
KR7446770000,A446770,ETF,ACE 글로벌반도체TOP4 Plus,446770,0.45,실물(패시브),해외,주식,환노출,0.45,LSEG
KR7447430000,A447430,ETF,ACE 주주환원가치주액티브,447430,0.7,실물(액티브),국내,주식,환노출,0.7,LSEG
KR7448100008,A448100,ETF,WON 200,448100,0.05,실물(패시브),국내,주식,환노출,0.05,LSEG
KR7448330001,A448330,ETF,KODEX 삼성전자채권혼합,448330,0.07,실물(패시브),국내,혼합자산,환노출,0.07,LSEG
KR7449190008,A449190,ETF,KODEX 미국나스닥100(H),449190,0.009,실물(패시브),해외,주식,환헤지,0.009,LSEG
KR7449690007,A449690,ETF,TIGER 한중반도체(합성),449690,0.35,합성(패시브),국내&해외,주식,합성,0.35,LSEG
KR7449780006,A449780,ETF,KIWOOM 미국S&P500(H),449780,0.04,실물(패시브),해외,주식,환헤지,0.04,LSEG
KR7450120001,A450120,ETF,KIWOOM SK그룹대표주,450120,,,,,,,
KR7423170000,A423170,ETF,SOL 글로벌AI반도체탑픽액티브,423170,0.55,실물(액티브),국내&해외,주식,환노출,0.55,LSEG
KR7426030003,A426030,ETF,TIME 미국나스닥100액티브,426030,0.8,실물(액티브),해외,주식,환노출,0.8,LSEG
KR7429870009,A429870,ETF,KIWOOM 리츠이지스액티브,429870,,,,,,,
KR7429980006,A429980,ETF,SOL 한국형글로벌전기차&2차전지액티브,429980,0.55,실물(액티브),국내&해외,주식,환노출,0.55,LSEG
KR7430500009,A430500,ETF,KIWOOM 물가채KIS,430500,0.15,실물(패시브),국내,채권,환노출,0.15,LSEG
KR7433500006,A433500,ETF,ACE 원자력TOP10,433500,0.3,실물(패시브),국내,주식,환노출,0.3,LSEG
KR7433870003,A433870,ETF,PLUS TDF2050액티브,433870,,,,,,,
KR7433880002,A433880,ETF,PLUS TDF2060액티브 적격,433880,0.2,실물(액티브),국내&해외,혼합자산,환노출,0.2,LSEG
KR7450180005,A450180,ETF,KODEX 한중전기차(합성),450180,0.25,합성(패시브),국내&해외,주식,합성,0.25,LSEG
KR7451000004,A451000,ETF,PLUS 종합채권(AA-이상)액티브,451000,0.045,실물(액티브),국내,채권,환노출,0.045,LSEG
KR7451060008,A451060,ETF,1Q 200액티브,451060,0.01,실물(액티브),국내,주식,환노출,0.01,LSEG
KR7451150007,A451150,ETF,에셋플러스 글로벌영에이지액티브,451150,0.99,실물(액티브),해외,주식,환노출,0.99,LSEG
KR7453330003,A453330,ETF,RISE 미국S&P500(H),453330,0.004,실물(패시브),해외,주식,환헤지,0.004,LSEG
KR7453640005,A453640,ETF,KODEX 미국S&P500헬스케어,453640,0.25,실물(패시브),해외,주식,환노출,0.25,LSEG
KR7453660003,A453660,ETF,KODEX 미국S&P500경기소비재,453660,0.25,실물(패시브),해외,주식,환노출,0.25,LSEG
KRG610000371,Q610037,ETN,메리츠 미국채30년 ETN(H),610037,,,,,,,
KRG580000526,Q580052,ETN,KB 인버스 2X 밀 선물 ETN,580052,,,,,,,
KRG580000583,Q580058,ETN,KB KIS CD금리투자 ETN,580058,,,,,,,
KRG580000609,Q580060,ETN,KB 레버리지 미국채 10년 ETN,580060,,,,,,,
KRG580000617,Q580061,ETN,KB 미국채 30년 ETN,580061,,,,,,,
KRG580000682,Q580068,ETN,KB S&P 레버리지 WTI원유 선물 ETN B,580068,,,,,,,
KRG580000690,Q580069,ETN,KB S&P 인버스 2X WTI원유 선물 ETN B,580069,,,,,,,
KRG580000757,Q580075,ETN,KB 레버리지 BYD 밸류체인 ETN,580075,,,,,,,
KRG580000864,Q580086,ETN,KB 솔랙티브 레버리지 천연가스 선물 ETN,580086,,,,,,,
KRG580000872,Q580087,ETN,KB 솔랙티브 인버스 천연가스 선물 ETN,580087,,,,,,,
KRG610000090,Q610009,ETN,메리츠 인버스 국채30년 ETN,610009,,,,,,,
KR7434060000,A434060,ETF,KODEX TDF2050액티브 적격,434060,0.3,실물(액티브),국내&해외,혼합자산,환노출,0.3,LSEG
KR7434730008,A434730,ETF,HANARO 원자력iSelect,434730,0.45,실물(패시브),국내,주식,환노출,0.45,LSEG
KR7434960001,A434960,ETF,DAISHIN K200,434960,0.1,실물(패시브),국내,주식,환노출,0.1,LSEG
KR7435420005,A435420,ETF,TIGER 미국나스닥100채권혼합50,435420,0.25,실물(패시브),국내&해외,혼합자산,환노출,0.25,LSEG
KR7437550007,A437550,ETF,KIWOOM 글로벌리츠이지스액티브,437550,,,,,,,
KR7438320004,A438320,ETF,TIGER 차이나항셍테크레버리지(합성 H),438320,0.58,합성(패시브),해외,주식,환노출,0.58,LSEG
KR7440650000,A440650,ETF,ACE 미국달러단기채권액티브,440650,0.3,실물(액티브),해외,채권,환노출,0.3,LSEG
KR7442320008,A442320,ETF,RISE 글로벌원자력,442320,0.4,실물(패시브),해외,주식,환노출,0.4,LSEG
KR7453850000,A453850,ETF,ACE 미국30년국채액티브(H),453850,0.05,실물(액티브),해외,채권,환헤지,0.05,LSEG
KR7455030007,A455030,ETF,KODEX 미국달러SOFR금리액티브(합성),455030,0.15,합성(액티브),해외,기타,합성,0.15,LSEG
KR7456200005,A456200,ETF,PLUS 미국달러SOFR금리액티브(합성),456200,0.09,합성(액티브),해외,기타,합성,0.09,LSEG
KR7456610005,A456610,ETF,TIGER 미국달러SOFR금리액티브(합성),456610,0.05,합성(액티브),해외,기타,합성,0.05,LSEG
KR7456680008,A456680,ETF,TIGER 차이나전기차레버리지(합성),456680,0.58,합성(패시브),해외,주식,합성,0.58,LSEG
KR7458030004,A458030,ETF,WON 국공채머니마켓액티브,458030,0.065,실물(액티브),국내,채권,환노출,0.065,LSEG
KR7458260007,A458260,ETF,TIGER 미국투자등급회사채액티브(H),458260,0.14,실물(액티브),해외,채권,환헤지,0.14,LSEG
KR7458750007,A458750,ETF,TIGER 미국배당다우존스타겟커버드콜1호,458750,0.39,실물(패시브),해외,주식,환노출,0.39,LSEG
KR7458760006,A458760,ETF,TIGER 미국배당다우존스타겟커버드콜2호,458760,0.39,실물(패시브),해외,주식,환노출,0.39,LSEG
KR7459370003,A459370,ETF,SOL 유럽탄소배출권선물인버스ICE(H),459370,,,,,,,
KR7459580007,A459580,ETF,KODEX CD금리액티브(합성),459580,0.02,합성(액티브),국내,기타,합성,0.02,LSEG
KR7461460008,A461460,ETF,PLUS 국고채10년액티브,461460,0.045,실물(액티브),국내,채권,환노출,0.045,LSEG
KR7461600009,A461600,ETF,SOL 미국30년국채액티브(H),461600,0.05,실물(액티브),해외,채권,환헤지,0.05,LSEG
KR7461950008,A461950,ETF,KODEX 2차전지핵심소재10,461950,0.39,실물(패시브),국내,주식,환노출,0.39,LSEG
KR7442550000,A442550,ETF,RISE TDF2030액티브 적격,442550,0.01,실물(액티브),국내&해외,기타,환노출,0.01,LSEG
KR7442570008,A442570,ETF,RISE TDF2050액티브 적격,442570,0.01,실물(액티브),국내&해외,기타,환노출,0.01,LSEG
KR7447770009,A447770,ETF,TIGER 테슬라채권혼합Fn,447770,0.25,실물(패시브),국내&해외,혼합자산,환노출,0.25,LSEG
KR7448300004,A448300,ETF,TIGER 미국나스닥100(H),448300,0.006,실물(패시브),해외,주식,환헤지,0.006,LSEG
KR7448510008,A448510,ETF,HANARO 글로벌신재생에너지MSCI(합성),448510,,,,,,,
KR7448630004,A448630,ETF,RISE 삼성그룹Top3채권혼합,448630,0.2,실물(패시브),국내,혼합자산,환노출,0.2,LSEG
KR7449450006,A449450,ETF,PLUS K방산,449450,0.45,실물(패시브),국내,주식,환노출,0.45,LSEG
KR7449680008,A449680,ETF,TIGER 한중전기차(합성),449680,0.35,합성(패시브),국내&해외,주식,합성,0.35,LSEG
KRG610000470,Q610047,ETN,메리츠 인버스 국채3년 ETN,610047,,,,,,,
KRG610000512,Q610051,ETN,메리츠 인버스 국채5년 ETN,610051,,,,,,,
KRG610000660,Q610066,ETN,메리츠 KAP 통안채 3개월 ETN,610066,,,,,,,
KRG610000686,Q610068,ETN,메리츠 KAP 일본 엔화 ETN,610068,,,,,,,
KRG610000744,Q610074,ETN,메리츠 미국채10년 ETN,610074,,,,,,,
KRG610000751,Q610075,ETN,메리츠 3X 레버리지 미국채10년 ETN,610075,,,,,,,
KRG610000785,Q610078,ETN,메리츠 3X 레버리지 미국채30년 ETN,610078,,,,,,,
KRG610000819,Q610081,ETN,메리츠 레버리지 멕시코 페소화 ETN,610081,,,,,,,
KRG610000850,Q610085,ETN,메리츠 레버리지 미국채30년 스트립 ETN(H),610085,,,,,,,
KRG610000934,Q610093,ETN,메리츠 인버스 3X 일본 국채 10년 ETN,610093,,,,,,,
KR7462340001,A462340,ETF,에셋플러스 글로벌다이나믹시니어액티브,462340,0.99,실물(액티브),해외,주식,환노출,0.99,LSEG
KR7463290007,A463290,ETF,1Q 단기금융채액티브,463290,0.08,실물(액티브),국내,채권,환노출,0.08,LSEG
KR7464610005,A464610,ETF,SOL 의료기기소부장Fn,464610,0.45,실물(패시브),국내,주식,환노출,0.45,LSEG
KR7465330009,A465330,ETF,RISE 2차전지TOP10,465330,0.07,실물(패시브),국내,주식,환노출,0.07,LSEG
KR7466400009,A466400,ETF,1Q 25-08 회사채(A+이상)액티브,466400,,,,,,,
KR7467540001,A467540,ETF,KIWOOM 코스닥글로벌,467540,,,,,,,
KR7467620001,A467620,ETF,KIWOOM 25-09 미국채권(AA-이상)액티브,467620,,,,,,,
KR7469160006,A469160,ETF,ACE 일본반도체,469160,0.45,실물(패시브),해외,주식,환노출,0.45,LSEG
KRG610000942,Q610094,ETN,메리츠 천연가스 선물 ETN(H),610094,,,,,,,
KR7450190004,A450190,ETF,KODEX 한중반도체(합성),450190,0.25,합성(패시브),국내&해외,주식,합성,0.25,LSEG
KR7451670004,A451670,ETF,RISE 국채30년레버리지(합성),451670,0.1,합성(패시브),국내,채권,합성,0.1,LSEG
KR7452250004,A452250,ETF,ACE 미국30년국채선물레버리지(합성 H),452250,0.25,합성(패시브),해외,채권,환노출,0.25,LSEG
KR7453060006,A453060,ETF,HANARO KOFR금리액티브(합성),453060,0.05,합성(액티브),국내,기타,합성,0.05,LSEG
KR7453540007,A453540,ETF,TIGER 25-10 회사채(A+이상)액티브,453540,,,,,,,
KR7453630006,A453630,ETF,KODEX 미국S&P500필수소비재,453630,0.25,실물(패시브),해외,주식,환노출,0.25,LSEG
KR7454320003,A454320,ETF,HANARO CAPEX설비투자iSelect,454320,0.45,실물(패시브),국내,주식,환노출,0.45,LSEG
KR7455860007,A455860,ETF,SOL 2차전지소부장Fn,455860,0.45,실물(패시브),국내,주식,환노출,0.45,LSEG
KR7471230003,A471230,ETF,KODEX 국고채10년액티브,471230,0.015,실물(액티브),국내,채권,환노출,0.015,LSEG
KR7473440006,A473440,ETF,ACE 11월만기자동연장회사채AA-이상액티브,473440,0.05,실물(액티브),국내,채권,환노출,0.05,LSEG
KR7473460004,A473460,ETF,KODEX 미국서학개미,473460,0.25,실물(패시브),해외,주식,환노출,0.25,LSEG
KR7474390002,A474390,ETF,SOL 국고채30년액티브,474390,0.05,실물(액티브),국내,채권,환노출,0.05,LSEG
KR7475070009,A475070,ETF,KoAct 글로벌친환경전력인프라액티브,475070,0.5,실물(액티브),국내&해외,주식,환노출,0.5,LSEG
KR7475280004,A475280,ETF,ACE 8월만기자동연장회사채AA-이상액티브,475280,0.05,실물(액티브),국내,채권,환노출,0.05,LSEG
KR7475350005,A475350,ETF,RISE 버크셔포트폴리오TOP10,475350,0.01,실물(패시브),해외,주식,환노출,0.01,LSEG
KRG510000422,Q510042,ETN,대신 KAP 통안채 6개월 ETN,510042,,,,,,,
KR7455890004,A455890,ETF,RISE 머니마켓액티브,455890,0.05,실물(액티브),국내,채권,환노출,0.05,LSEG
KR7456600006,A456600,ETF,TIME 글로벌AI인공지능액티브,456600,0.8,실물(액티브),해외,주식,환노출,0.8,LSEG
KR7457930006,A457930,ETF,BNK 미래전략기술액티브,457930,0.495,실물(액티브),국내,주식,환노출,0.495,LSEG
KR7457990000,A457990,ETF,PLUS 태양광&ESS,457990,0.45,실물(패시브),국내,주식,환노출,0.45,LSEG
KR7458250008,A458250,ETF,TIGER 미국30년국채스트립액티브(합성 H),458250,0.15,합성(액티브),해외,채권,환노출,0.15,LSEG
KR7460270002,A460270,ETF,KIWOOM 미국달러SOFR금리액티브(합성),460270,0.05,합성(액티브),해외,기타,합성,0.05,LSEG
KR7460960008,A460960,ETF,ACE 글로벌인컴TOP10,460960,0.24,실물(패시브),해외,혼합자산,환노출,0.24,LSEG
KR7461260002,A461260,ETF,ACE 25-06 회사채(AA-이상)액티브,461260,,,,,,,
KR7475630000,A475630,ETF,TIGER CD1년금리액티브(합성),475630,0.009,합성(액티브),국내,기타,합성,0.009,LSEG
KR7476030002,A476030,ETF,SOL 미국나스닥100,476030,0.05,실물(패시브),해외,주식,환노출,0.05,LSEG
KR7476310008,A476310,ETF,RISE 글로벌비만산업TOP2+,476310,0.35,실물(패시브),해외,주식,환노출,0.35,LSEG
KR7476450002,A476450,ETF,KIWOOM 머니마켓액티브,476450,0.05,실물(액티브),국내,채권,환노출,0.05,LSEG
KR7476750005,A476750,ETF,ACE 미국30년국채엔화노출액티브(H),476750,0.15,실물(액티브),해외,채권,환헤지,0.15,LSEG
KR7476850003,A476850,ETF,KoAct 배당성장액티브,476850,0.5,실물(액티브),국내,주식,환노출,0.5,LSEG
KR7477490007,A477490,ETF,에셋플러스 글로벌일등기업포커스10액티브,477490,0.99,실물(액티브),해외,주식,환노출,0.99,LSEG
KRG597100145,Q590014,ETN,미래글로벌헬스케어제,590014,,,,,,,
KR7461340002,A461340,ETF,HANARO 글로벌생성형AI액티브,461340,0.6,실물(액티브),해외,주식,환노출,0.6,LSEG
KR7462900002,A462900,ETF,KoAct 바이오헬스케어액티브,462900,0.5,실물(액티브),국내,주식,환노출,0.5,LSEG
KR7463640003,A463640,ETF,KODEX 미국S&P500유틸리티,463640,0.25,실물(패시브),해외,주식,환노출,0.25,LSEG
KR7464060003,A464060,ETF,HANARO 글로벌반도체TOP10 SOLACTIVE,464060,,,,,,,
KR7464240001,A464240,ETF,KIWOOM 26-09회사채(AA-이상)액티브,464240,0.07,실물(액티브),국내,채권,환노출,0.07,LSEG
KR7466930005,A466930,ETF,SOL 자동차TOP3플러스,466930,0.45,실물(패시브),국내,주식,환노출,0.45,LSEG
KR7466940004,A466940,ETF,TIGER 은행고배당플러스TOP10,466940,0.3,실물(패시브),국내,주식,환노출,0.3,LSEG
KRG610000959,Q610095,ETN,메리츠 레버리지 천연가스 선물 ETN(H),610095,,,,,,,
KR7468370002,A468370,ETF,KODEX iShares미국인플레이션국채액티브,468370,0.1,실물(액티브),해외,채권,환노출,0.1,LSEG
KR7468380001,A468380,ETF,KODEX iShares미국하이일드액티브,468380,0.15,실물(액티브),해외,채권,환노출,0.15,LSEG
KR7469050009,A469050,ETF,RISE 미국반도체NYSE(H),469050,0.01,실물(패시브),해외,주식,환헤지,0.01,LSEG
KR7469170005,A469170,ETF,ACE 포스코그룹포커스,469170,0.3,실물(패시브),국내,주식,환노출,0.3,LSEG
KR7469790000,A469790,ETF,KIWOOM 코리아테크TOP10,469790,0.39,실물(패시브),국내,주식,환노출,0.39,LSEG
KR7471040006,A471040,ETF,KoAct 글로벌AI&로봇액티브,471040,0.5,실물(액티브),국내&해외,주식,환노출,0.5,LSEG
KR7471780007,A471780,ETF,TIGER 코리아테크액티브,471780,0.77,실물(액티브),국내,주식,환노출,0.77,LSEG
KRG610000488,Q610048,ETN,메리츠 인버스 2X 국채3년 ETN,610048,,,,,,,
KR7472170000,A472170,ETF,TIGER 미국테크TOP10채권혼합,472170,0.25,실물(패시브),국내&해외,혼합자산,환노출,0.25,LSEG
KR7472720002,A472720,ETF,TRUSTON 주주가치액티브,472720,0.785,실물(액티브),국내,주식,환노출,0.785,LSEG
KR7472830009,A472830,ETF,RISE 미국30년국채커버드콜(합성),472830,0.25,합성(패시브),해외,채권,합성,0.25,LSEG
KR7472840008,A472840,ETF,IBK 200,472840,0.08,실물(패시브),국내,주식,환노출,0.08,LSEG
KR7472870005,A472870,ETF,RISE 미국30년국채엔화노출(합성 H),472870,0.15,합성(패시브),해외,채권,환노출,0.15,LSEG
KR7472920008,A472920,ETF,HK 종합채권(AA-이상)액티브,472920,0.036,실물(액티브),국내,채권,환노출,0.036,LSEG
KR7473290005,A473290,ETF,KODEX 26-12 회사채(AA-이상)액티브,473290,0.09,실물(액티브),국내,채권,환노출,0.09,LSEG
KRG500000655,Q500065,ETN,신한 블룸버그 레버리지 WTI원유 선물 ETN,500065,,,,,,,
KR7474220001,A474220,ETF,TIGER 미국테크TOP10타겟커버드콜,474220,0.5,실물(패시브),해외,주식,환노출,0.5,LSEG
KR7474590007,A474590,ETF,WON 반도체밸류체인액티브,474590,0.31,실물(액티브),국내,주식,환노출,0.31,LSEG
KR7475260006,A475260,ETF,ACE 2월만기자동연장회사채AA-이상액티브,475260,0.05,실물(액티브),국내,채권,환노출,0.05,LSEG
KR7475310009,A475310,ETF,SOL 반도체후공정,475310,0.45,실물(패시브),국내,주식,환노출,0.45,LSEG
KR7479730004,A479730,ETF,TIGER 인도빌리언컨슈머,479730,0.49,실물(패시브),해외,주식,환노출,0.49,LSEG
KR7479850000,A479850,ETF,HANARO K-뷰티,479850,0.45,실물(패시브),국내,주식,환노출,0.45,LSEG
KR7480040005,A480040,ETF,ACE 미국반도체데일리타겟커버드콜(합성),480040,0.45,합성(패시브),해외,주식,합성,0.45,LSEG
KR7481060002,A481060,ETF,KODEX 미국30년국채타겟커버드콜(합성 H),481060,0.25,합성(패시브),해외,채권,환노출,0.25,LSEG
KR7481200004,A481200,ETF,SOL 미국테크TOP10인버스(합성),481200,,,,,,,
KR7481430007,A481430,ETF,RISE 국고채10년액티브,481430,0.012,실물(액티브),국내,채권,환노출,0.012,LSEG
KR7482030004,A482030,ETF,KoAct 반도체&2차전지핵심소재액티브,482030,0.5,실물(액티브),국내,주식,환노출,0.5,LSEG
KR7482870003,A482870,ETF,HANARO 주주가치성장코리아액티브,482870,,,,,,,
KR7483020004,A483020,ETF,KIWOOM 의료AI,483020,0.49,실물(패시브),국내,주식,환노출,0.49,LSEG
KR7483030003,A483030,ETF,KIWOOM 미국블록버스터바이오테크의약품+,483030,0.49,실물(패시브),해외,주식,환노출,0.49,LSEG
KR7483240008,A483240,ETF,TIGER 미국나스닥100ETF선물,483240,0.009,실물(패시브),국내,주식,환노출,0.009,LSEG
KRG610001031,Q610103,ETN,메리츠 솔랙티브 레버리지 금 선물 ETN(H),610103,,,,,,,
KRG610001056,Q610105,ETN,메리츠 레버리지 국채30년 ETN B,610105,,,,,,,
KRG700000125,Q700012,ETN,하나 인버스 2X 옥수수 선물 ETN(H),700012,,,,,,,
KRG700000208,Q700020,ETN,하나 블룸버그 -2X 천연가스 선물 ETN(H),700020,,,,,,,
KRG700000315,Q700031,ETN,하나 레버리지 천연가스 선물 ETN(H),700031,,,,,,,
KRG760000049,Q760004,ETN,키움 인버스 미국달러선물 ETN,760004,,,,,,,
KRG760000072,Q760007,ETN,키움 코스피 200 TR ETN,760007,,,,,,,
KRG760000114,Q760011,ETN,키움 레버리지 2차전지산업 ETN,760011,,,,,,,
KRG760000171,Q760017,ETN,키움 조선TOP10 ETN,760017,,,,,,,
KRG760000197,Q760019,ETN,키움 리츠부동산인프라 ETN,760019,,,,,,,
KRG760000262,Q760026,ETN,키움 레버리지 전력 TOP5 ETN,760026,,,,,,,
KRG760000320,Q760032,ETN,키움 모험자본창업투자 ETN,760032,,,,,,,
KR7480020007,A480020,ETF,ACE 미국빅테크7+데일리타겟커버드콜(합성),480020,0.45,합성(패시브),해외,주식,합성,0.45,LSEG
KR7480260009,A480260,ETF,TIGER 27-04회사채(A+이상)액티브,480260,0.1,실물(액티브),국내,채권,환노출,0.1,LSEG
KR7480310002,A480310,ETF,TIGER 글로벌온디바이스AI,480310,0.49,실물(패시브),해외,주식,환노출,0.49,LSEG
KR7480460005,A480460,ETF,WON 한국부동산TOP3플러스,480460,0.25,실물(패시브),국내,부동산,환노출,0.25,LSEG
KR7481190007,A481190,ETF,SOL 미국테크TOP10,481190,0.05,실물(패시브),해외,주식,환노출,0.05,LSEG
KR7488080003,A488080,ETF,TIGER 반도체TOP10레버리지,488080,0.49,실물(패시브),국내,주식,환노출,0.49,LSEG
KR7482730009,A482730,ETF,TIGER 미국S&P500타겟데일리커버드콜,482730,0.25,실물(패시브),해외,주식,환노출,0.25,LSEG
KR7483320008,A483320,ETF,ACE 엔비디아밸류체인액티브,483320,0.45,실물(액티브),해외,주식,환노출,0.45,LSEG
KR7484890009,A484890,ETF,SOL 머니마켓액티브,484890,0.05,실물(액티브),국내,채권,환노출,0.05,LSEG
KR7485690002,A485690,ETF,RISE 미국AI밸류체인TOP3Plus,485690,0.01,실물(패시브),해외,주식,환노출,0.01,LSEG
KR7486290000,A486290,ETF,TIGER 미국나스닥100타겟데일리커버드콜,486290,0.25,실물(패시브),해외,주식,환노출,0.25,LSEG
KR7486450000,A486450,ETF,SOL 미국AI전력인프라,486450,0.45,실물(패시브),해외,주식,환노출,0.45,LSEG
KR7486790009,A486790,ETF,HANARO 코스닥150선물레버리지1.5X,486790,,,,,,,
KRG500000572,Q500057,ETN,신한 인버스 2X Russell 2000 ETN,500057,,,,,,,
KR7488480005,A488480,ETF,RISE 일본섹터TOP4Plus,488480,0.3,실물(패시브),해외,주식,환노출,0.3,LSEG
KRG500000986,Q500098,ETN,신한 인버스 2X Russell 2000 ETN B,500098,,,,,,,
KR7489010009,A489010,ETF,PLUS 글로벌AI인프라,489010,0.45,실물(패시브),해외,주식,환노출,0.45,LSEG
KR7489030007,A489030,ETF,PLUS 고배당주위클리커버드콜,489030,0.3,실물(패시브),국내,주식,환노출,0.3,LSEG
KR7489250001,A489250,ETF,KODEX 미국배당다우존스,489250,0.009,실물(패시브),해외,주식,환노출,0.009,LSEG
KR7491220000,A491220,ETF,PLUS 200TR,491220,0.01,실물(패시브),국내,주식,환노출,0.01,LSEG
KR7494420003,A494420,ETF,PLUS 미국배당증가성장주데일리커버드콜,494420,0.39,실물(패시브),해외,주식,환노출,0.39,LSEG
KRG500000630,Q500063,ETN,신한 인버스 코스닥 150 선물 ETN,500063,,,,,,,
KR7495040008,A495040,ETF,PLUS 코리아밸류업,495040,0.009,실물(패시브),국내,주식,환노출,0.009,LSEG
KR7495940009,A495940,ETF,RISE 미국AI테크액티브,495940,0.5,실물(액티브),해외,주식,환노출,0.5,LSEG
KR7497510008,A497510,ETF,ACE 글로벌빅파마,497510,0.3,실물(패시브),해외,주식,환노출,0.3,LSEG
KR7497520007,A497520,ETF,ACE 일라이릴리밸류체인,497520,0.45,실물(패시브),해외,주식,환노출,0.45,LSEG
KR7498050004,A498050,ETF,HANARO 바이오코리아액티브,498050,0.5,실물(액티브),국내,주식,환노출,0.5,LSEG
KR7498610005,A498610,ETF,RISE 인도디지털성장,498610,0.3,실물(패시브),해외,주식,환노출,0.3,LSEG
KR7498860006,A498860,ETF,RISE 코리아금융고배당,498860,0.1,실물(패시브),국내,주식,환노출,0.1,LSEG
KRG500000556,Q500055,ETN,신한 인버스 Russell 2000 ETN,500055,,,,,,,
KRG500000994,Q500099,ETN,신한 WTI원유 선물 ETN,500099,,,,,,,
KRG501500356,Q500035,ETN,신한 레버리지 미국달러 선물 ETN,500035,,,,,,,
KRG502100289,Q500028,ETN,신한 인버스 2X 다우존스지수 선물 ETN(H),500028,,,,,,,
KRG502400093,Q500009,ETN,신한 다우존스지수 선물 ETN(H),500009,,,,,,,
KRG502400143,Q500014,ETN,신한 인버스 옥수수 선물 ETN(H),500014,,,,,,,
KRG510000299,Q510029,ETN,대신 S&P 인버스 2X 천연가스 선물 ETN,510029,,,,,,,
KRG510000372,Q510037,ETN,대신 S&P 2X 천연가스 선물 ETN B,510037,,,,,,,
KRG510000414,Q510041,ETN,대신 KAP 통안채 3개월 ETN,510041,,,,,,,
KRG520000503,Q520050,ETN,미래에셋 인버스 2X 원유선물혼합 ETN(H),520050,,,,,,,
KRG520000545,Q520054,ETN,미래에셋 레버리지 코스피200 선물 ETN,520054,,,,,,,
KRG520000628,Q520062,ETN,미래에셋 인도네시아 금속&에너지 Top5 ETN,520062,,,,,,,
KRG520000636,Q520063,ETN,미래에셋 -0.5X S&P500 VIX S/T선물 ETN(H),520063,,,,,,,
KR7483290003,A483290,ETF,KODEX 미국배당다우존스타겟커버드콜,483290,0.39,실물(패시브),해외,주식,환노출,0.39,LSEG
KR7483570008,A483570,ETF,KCGI 미국S&P500 TOP10,483570,0.36,실물(패시브),해외,주식,환노출,0.36,LSEG
KR7484880000,A484880,ETF,SOL 금융지주플러스고배당,484880,0.3,실물(패시브),국내,주식,환노출,0.3,LSEG
KR7485810006,A485810,ETF,TIME 글로벌바이오액티브,485810,0.8,실물(액티브),해외,주식,환노출,0.8,LSEG
KR7486780000,A486780,ETF,HANARO 200선물레버리지1.5X,486780,,,,,,,
KR7487130007,A487130,ETF,KoAct AI인프라액티브,487130,0.5,실물(액티브),국내,주식,환노출,0.5,LSEG
KR7487750002,A487750,ETF,BNK 온디바이스AI,487750,0.395,실물(패시브),국내,주식,환노출,0.395,LSEG
KRG520000768,Q520076,ETN,미래에셋 1.5X 천연가스 선물 ETN,520076,,,,,,,
KR7488210006,A488210,ETF,KIWOOM K-반도체북미공급망,488210,0.49,실물(패시브),국내,주식,환노출,0.49,LSEG
KR7488980004,A488980,ETF,SOL 26-12 회사채(AA-이상)액티브,488980,0.05,실물(액티브),국내,채권,환노출,0.05,LSEG
KR7489290007,A489290,ETF,WON 미국빌리어네어,489290,0.49,실물(패시브),해외,주식,환노출,0.49,LSEG
KR7489870006,A489870,ETF,KIWOOM 25-09 회사채(AA-이상)액티브,489870,,,,,,,
KR7490330008,A490330,ETF,KoAct 미국치매&뇌질환치료제액티브,490330,0.5,실물(액티브),해외,주식,환노출,0.5,LSEG
KR7491010005,A491010,ETF,TIGER 글로벌AI전력인프라액티브,491010,0.49,실물(액티브),해외,주식,환노출,0.49,LSEG
KR7491080008,A491080,ETF,KODEX 25-12 은행채(AAA)액티브,491080,,,,,,,
KR7491620001,A491620,ETF,RISE 미국테크100데일리고정커버드콜,491620,0.25,실물(패시브),해외,주식,환노출,0.25,LSEG
KRG520000800,Q520080,ETN,미래에셋 미국 테크&반도체 TOP3 ETN,520080,,,,,,,
KRG520000826,Q520082,ETN,미래에셋 미국 자율주행대표기업 ETN,520082,,,,,,,
KRG520000859,Q520085,ETN,미래에셋 -2X 미국 AI TOP3 ETN,520085,,,,,,,
KRG520000867,Q520086,ETN,미래에셋-0.5X S&P500 VIX S/T선물 ETN(H)B,520086,,,,,,,
KRG520000917,Q520091,ETN,미래에셋 인버스 천연가스 선물 ETN B,520091,,,,,,,
KRG520000982,Q520098,ETN,미래에셋 레버리지 반도체 ETN,520098,,,,,,,
KRG520001006,Q520100,ETN,미래에셋 레버리지 삼성전자 단일종목 ETN,520100,,,,,,,
KRG530000998,Q530099,ETN,삼성 블룸버그 레버리지 WTI원유 선물 ETN,530099,,,,,,,
KRG530001103,Q530110,ETN,삼성 인버스 0.5X S&P500 VIX S/T선물 ETN,530110,,,,,,,
KRG530001202,Q530120,ETN,삼성 나스닥 100 TR ETN,530120,,,,,,,
KR7491700001,A491700,ETF,HK 200,491700,0.05,실물(패시브),국내,주식,환노출,0.05,LSEG
KR7491830006,A491830,ETF,TIGER 미국AI반도체팹리스,491830,0.49,실물(패시브),해외,주식,환노출,0.49,LSEG
KR7492500004,A492500,ETF,1Q 현대차그룹채권(A+이상)&국고통안,492500,0.1,실물(패시브),국내,채권,환노출,0.1,LSEG
KR7493810006,A493810,ETF,TIGER 미국AI빅테크10타겟데일리커버드콜,493810,0.25,실물(패시브),해외,주식,환노출,0.25,LSEG
KR7494330004,A494330,ETF,ACE 라이프자산주주가치액티브,494330,0.5,실물(액티브),국내,주식,환노출,0.5,LSEG
KR7494410004,A494410,ETF,PLUS 미국S&P500성장주,494410,0.006,실물(패시브),해외,주식,환노출,0.006,LSEG
KR7494670003,A494670,ETF,TIGER 조선TOP10,494670,0.35,실물(패시브),국내,주식,환노출,0.35,LSEG
KRG550000662,Q550066,ETN,N2 S&P500 버퍼10% 9월 ETN,550066,,,,,,,
KRG530001301,Q530130,ETN,삼성 S&P500 VIX S/T 선물 ETN B,530130,,,,,,,
KRG530001327,Q530132,ETN,삼성 블룸버그 WTI원유 선물 ETN B,530132,,,,,,,
KRG530001335,Q530133,ETN,삼성 블룸버그 레버리지 WTI원유선물 ETN B,530133,,,,,,,
KRG530001418,Q530141,ETN,삼성 중국 자동차 TOP5 TR ETN(H),530141,,,,,,,
KRG532100200,Q530020,ETN,삼성 미국 대형 가치주 ETN,530020,,,,,,,
KRG532400360,Q530036,ETN,삼성 인버스 2X WTI원유 선물 ETN,530036,,,,,,,
KRG532400568,Q530056,ETN,삼성 인버스 2X 금 선물 ETN(H),530056,,,,,,,
KRG532400626,Q530062,ETN,삼성 인버스 2X 은 선물 ETN(H),530062,,,,,,,
KRG536100024,Q530002,ETN,삼성 인버스 China A50 선물 ETN(H),530002,,,,,,,
KRG536100149,Q530014,ETN,삼성 China A50 선물 ETN(H),530014,,,,,,,
KRG536100230,Q530023,ETN,삼성 레버리지 China A50 선물 ETN(H),530023,,,,,,,
KR7494840002,A494840,ETF,TIGER 미국방산TOP10,494840,0.45,실물(패시브),해외,주식,환노출,0.45,LSEG
KR7495050007,A495050,ETF,RISE 코리아밸류업,495050,0.008,실물(패시브),국내,주식,환노출,0.008,LSEG
KR7495330003,A495330,ETF,1Q 코리아밸류업,495330,0.02,실물(패시브),국내,주식,환노출,0.02,LSEG
KR7495750002,A495750,ETF,HANARO 코리아밸류업,495750,0.026,실물(패시브),국내,주식,환노출,0.026,LSEG
KR7496080003,A496080,ETF,TIGER 코리아밸류업,496080,0.008,실물(패시브),국내,주식,환노출,0.008,LSEG
KR7496120007,A496120,ETF,ACE 코리아밸류업,496120,0.09,실물(패시브),국내,주식,환노출,0.09,LSEG
KR7497880005,A497880,ETF,SOL CD금리&머니마켓액티브,497880,0.05,실물(액티브),국내,채권,환노출,0.05,LSEG
KRG550000720,Q550072,ETN,N2 블룸버그 -2X WTI원유선물 ETN,550072,,,,,,,
KR7498400001,A498400,ETF,KODEX 200타겟위클리커버드콜,498400,0.39,실물(패시브),국내,주식,환노출,0.39,LSEG
KR7498410000,A498410,ETF,KODEX 금융고배당TOP10타겟위클리커버드콜,498410,0.39,실물(패시브),국내,주식,환노출,0.39,LSEG
KR7499660009,A499660,ETF,TIGER CD금리플러스액티브(합성),499660,0.009,합성(액티브),국내,기타,합성,0.009,LSEG
KRG500000614,Q500061,ETN,신한 인버스 코스피 200 선물 ETN,500061,,,,,,,
KRG500000705,Q500070,ETN,신한 인버스 2X 코스피 200 선물 ETN,500070,,,,,,,
KRG500000770,Q500077,ETN,신한 인버스0.5X S&P500 VIX S/T선물 ETN,500077,,,,,,,
KRG500000846,Q500084,ETN,신한 미국달러 SOFR금리 플러스 ETN,500084,,,,,,,
KRG500000861,Q500086,ETN,신한 코스닥 150 TR ETN,500086,,,,,,,
KRG500000911,Q500091,ETN,신한 33-12 국고채 플러스 ETN,500091,,,,,,,
KRG550000936,Q550093,ETN,N2 전력인프라 Top5 ETN,550093,,,,,,,
KRG550000951,Q550095,ETN,N2 레버리지 국채10년 ETN,550095,,,,,,,
KRG550000969,Q550096,ETN,N2 레버리지 국채30년 ETN,550096,,,,,,,
KRG550000985,Q550098,ETN,N2 인버스 2X 코스닥150 선물 ETN,550098,,,,,,,
KRG550000993,Q550099,ETN,N2 레버리지 천연가스 선물 ETN,550099,,,,,,,
KRG550001009,Q550100,ETN,N2 인버스 2X 천연가스 선물 ETN,550100,,,,,,,
KRG552100411,Q550041,ETN,N2 미국 IT TOP5 ETN(H),550041,,,,,,,
KRG552100445,Q550044,ETN,N2 레버리지 S&P500 ETN,550044,,,,,,,
KRG570000478,Q570047,ETN,한투 FTSE100 ETN,570047,,,,,,,
KRG570000502,Q570050,ETN,한투 S&P500선물 ETN,570050,,,,,,,
KRG500000952,Q500095,ETN,신한 S&P500 VIX S/T 선물 ETN E,500095,,,,,,,
KRG500001000,Q500100,ETN,신한 금 선물 ETN,500100,,,,,,,
KRG502100503,Q500050,ETN,신한 레버리지 S&P500 선물 ETN,500050,,,,,,,
KRG502400051,Q500005,ETN,신한 인버스 브렌트원유 선물 ETN(H),500005,,,,,,,
KRG502400069,Q500006,ETN,신한 인버스 금 선물 ETN(H),500006,,,,,,,
KRG502400119,Q500011,ETN,신한 달러인덱스 선물 ETN(H),500011,,,,,,,
KRG502400127,Q500012,ETN,신한 인버스 달러인덱스 선물 ETN(H),500012,,,,,,,
KRG502400150,Q500015,ETN,신한 WTI원유 선물 ETN(H),500015,,,,,,,
KRG502400234,Q500023,ETN,신한 콩 선물 ETN(H),500023,,,,,,,
KRG502400382,Q500038,ETN,신한 인버스 2X 금 선물 ETN,500038,,,,,,,
KRG510000158,Q510015,ETN,대신 밀 선물 ETN(H),510015,,,,,,,
KRG570000510,Q570051,ETN,한투 나스닥100 ETN,570051,,,,,,,
KRG570000700,Q570070,ETN,한투 인버스2X플래티넘선물 ETN,570070,,,,,,,
KRG570000726,Q570072,ETN,한투 레버리지구리선물 ETN,570072,,,,,,,
KRG570000734,Q570073,ETN,한투 인버스2X구리선물 ETN,570073,,,,,,,
KRG570000742,Q570074,ETN,한투 유럽탄소배출권선물 ETN(H),570074,,,,,,,
KRG570000825,Q570082,ETN,한투 인버스2X코스닥150선물 ETN,570082,,,,,,,
KRG570000932,Q570093,ETN,한투 레버리지천연가스선물 ETN B,570093,,,,,,,
KRG570000940,Q570094,ETN,한투 일본엔선물 ETN C,570094,,,,,,,
KRG570000965,Q570096,ETN,한투 인버스2X일본엔선물 ETN,570096,,,,,,,
KRG570001039,Q570103,ETN,한투 인버스2X나스닥100 ETN B,570103,,,,,,,
KRG510000430,Q510043,ETN,대신 인버스 천연가스 선물 ETN(H) B,510043,,,,,,,
KRG520000396,Q520039,ETN,미래에셋 코스닥150 선물 ETN,520039,,,,,,,
KRG520000479,Q520047,ETN,미래에셋 인버스 2X 옥수수 선물 ETN,520047,,,,,,,
KRG520000644,Q520064,ETN,미래에셋 2X 미국채울트라30년 선물 ETN,520064,,,,,,,
KRG520000669,Q520066,ETN,미래에셋 KRX금현물 Auto-KO-C 2810-01 ETN,520066,,,,,,,
KRG520000677,Q520067,ETN,미래에셋 홍콩H 선물 ETN(H),520067,,,,,,,
KRG520000719,Q520071,ETN,미래에셋 0.5X 코스닥150 선물 ETN,520071,,,,,,,
KRG520000784,Q520078,ETN,미래에셋 미국 제약 TOP3 ETN,520078,,,,,,,
KRG520000818,Q520081,ETN,미래에셋 2X 미국 테크&반도체 TOP3 ETN,520081,,,,,,,
KRG520000842,Q520084,ETN,미래에셋 -2X 미국 자율주행대표기업 ETN,520084,,,,,,,
KRG570001054,Q570105,ETN,한투 인버스일본니케이225선물 ETN(H),570105,,,,,,,
KRG570001096,Q570109,ETN,한투 레버리지미국채30년 ETN,570109,,,,,,,
KRG570001104,Q570110,ETN,한투 3X레버리지국채30년 ETN,570110,,,,,,,
KRG570001112,Q570111,ETN,한투 3X레버리지미국채30년 ETN,570111,,,,,,,
KRG570001146,Q570114,ETN,한투 S&P500 VIX S/T선물 ETN(H) B,570114,,,,,,,
KRG570001195,Q570119,ETN,한투 인버스2X은선물 ETN,570119,,,,,,,
KRG570001237,Q570123,ETN,한투 은선물 ETN,570123,,,,,,,
KRG570001278,Q570127,ETN,한투 인버스2X코스피200선물 ETN,570127,,,,,,,
KRG571100194,Q570019,ETN,한투 코스피양매도5%OTM ETN,570019,,,,,,,
KRG580000153,Q580015,ETN,KB 레버리지 나스닥 100 ETN,580015,,,,,,,
KRG520000925,Q520092,ETN,미래에셋 레버리지 은 선물 ETN B,520092,,,,,,,
KRG520001014,Q520101,ETN,미래에셋 레버리지 SK하이닉스 단일종목ETN,520101,,,,,,,
KRG521800265,Q520026,ETN,미래에셋 코스피 양매도 5% OTM ETN,520026,,,,,,,
KRG530000832,Q530083,ETN,삼성 금 선물 ETN(H),530083,,,,,,,
KRG530000949,Q530094,ETN,삼성 인버스 코스닥 150 선물 ETN,530094,,,,,,,
KRG530000964,Q530096,ETN,삼성 인버스 구리 선물 ETN(H),530096,,,,,,,
KRG530001020,Q530102,ETN,삼성 인버스 2X 천연가스 선물 ETN C,530102,,,,,,,
KRG530001152,Q530115,ETN,삼성 레버리지 나스닥 100 TR ETN,530115,,,,,,,
KRG530001210,Q530121,ETN,삼성 항셍테크 TR ETN(H) B,530121,,,,,,,
KRG530001251,Q530125,ETN,삼성 인버스 2X 일본니케이225선물 ETN(H),530125,,,,,,,
KRG580000211,Q580021,ETN,KB 인버스 천연가스 선물 ETN,580021,,,,,,,
KRG580000229,Q580022,ETN,KB 레버리지 금 선물 ETN(H),580022,,,,,,,
KRG580000278,Q580027,ETN,KB 인버스 2X 은 선물 ETN(H),580027,,,,,,,
KRG580000377,Q580037,ETN,KB S&P 인버스 2X WTI원유 선물 ETN,580037,,,,,,,
KRG580000401,Q580040,ETN,KB 인버스 2X KOSPI 200 선물 ETN,580040,,,,,,,
KRG580000484,Q580048,ETN,KB 차이나 대형주 CSI 300 ETN,580048,,,,,,,
KRG580000542,Q580054,ETN,KB 인버스 2X 콩 선물 ETN,580054,,,,,,,
KRG580000567,Q580056,ETN,KB 일본 로보틱스 TOP 10 ETN,580056,,,,,,,
KRG580000625,Q580062,ETN,KB 레버리지 미국채 30년 ETN,580062,,,,,,,
KRG580000641,Q580064,ETN,KB 인버스 2X 미국채 10년 선물 ETN,580064,,,,,,,
KRG580000658,Q580065,ETN,KB 코스닥 150 TR ETN,580065,,,,,,,
KRG530001269,Q530126,ETN,삼성 코리아 밸류업 TR ETN,530126,,,,,,,
KRG530001277,Q530127,ETN,삼성 미국다우존스 TR ETN,530127,,,,,,,
KRG530001368,Q530136,ETN,삼성 인버스 2X 천연가스 선물 ETN D,530136,,,,,,,
KRG530001400,Q530140,ETN,삼성 iSelect 레버리지 조선 TOP10 TR ETN,530140,,,,,,,
KRG531800602,Q530060,ETN,삼성 코스피 양매도 5% OTM ETN,530060,,,,,,,
KRG532400311,Q530031,ETN,삼성 레버리지 WTI원유 선물 ETN,530031,,,,,,,
KRG550000803,Q550080,ETN,N2 US 500 ETN(H),550080,,,,,,,
KRG550000829,Q550082,ETN,N2 KIS CD금리투자 ETN,550082,,,,,,,
KRG550000837,Q550083,ETN,N2 iSelect 배터리 재활용 Top10 ETN,550083,,,,,,,
KRG550000928,Q550092,ETN,N2 월간 레버리지 방위산업 Top5 ETN,550092,,,,,,,
KRG580000740,Q580074,ETN,KB BYD 밸류체인 ETN,580074,,,,,,,
KRG580000807,Q580080,ETN,KB 인버스 은 선물 ETN,580080,,,,,,,
KRG580000831,Q580083,ETN,KB 레버리지 미국 S&P500 선물 ETN B,580083,,,,,,,
KRG580000898,Q580089,ETN,KB 솔랙티브 레버리지 금 선물 ETN,580089,,,,,,,
KRG580000906,Q580090,ETN,KB 솔랙티브 인버스 2X 금 선물 ETN,580090,,,,,,,
KRG581100101,Q580010,ETN,KB Wise 분할매매 ETN,580010,,,,,,,
KRG610000025,Q610002,ETN,메리츠 레버리지 인플레이션 국채 ETN,610002,,,,,,,
KRG610000124,Q610012,ETN,메리츠 레버리지 금 선물 ETN(H),610012,,,,,,,
KRG610000199,Q610019,ETN,메리츠 레버리지 국채10년 ETN,610019,,,,,,,
KRG610000207,Q610020,ETN,메리츠 인버스 국채10년 ETN,610020,,,,,,,
KRG610000215,Q610021,ETN,메리츠 인버스 2X 국채10년 ETN,610021,,,,,,,
KRG570000585,Q570058,ETN,한투 인버스은선물 ETN,570058,,,,,,,
KRG570000619,Q570061,ETN,한투 레버리지은선물 ETN,570061,,,,,,,
KRG570000635,Q570063,ETN,한투 베트남VN30선물 ETN(H),570063,,,,,,,
KRG570000650,Q570065,ETN,한투 레버리지베트남VN30선물 ETN(H),570065,,,,,,,
KRG570000668,Q570066,ETN,한투 인버스2X베트남VN30 선물 ETN(H),570066,,,,,,,
KRG570000692,Q570069,ETN,한투 레버리지플래티넘선물 ETN,570069,,,,,,,
KRG570000718,Q570071,ETN,한투 구리선물 ETN,570071,,,,,,,
KRG570000791,Q570079,ETN,한투 블룸버그 인버스 2X WTI원유 선물 ETN,570079,,,,,,,
KRG570000841,Q570084,ETN,한투 블룸버그 인버스 2X 천연가스선물 ETN,570084,,,,,,,
KRG570000858,Q570085,ETN,한투 인도네시아대표원자재 ETN,570085,,,,,,,
KRG570000916,Q570091,ETN,한투 인버스유로스탁스50 ETN(H) C,570091,,,,,,,
KRG570000999,Q570099,ETN,한투 인버스2X엔달러 선물 ETN(H),570099,,,,,,,
KRG570001088,Q570108,ETN,한투 레버리지국채30년 ETN,570108,,,,,,,
KRG570001179,Q570117,ETN,한투 인버스2XWTI원유선물 ETN B,570117,,,,,,,
KRG570001187,Q570118,ETN,한투 인버스2X천연가스선물 ETN B,570118,,,,,,,
KRG570001252,Q570125,ETN,한투 솔랙티브레버리지금선물 ETN,570125,,,,,,,
KRG572100235,Q570023,ETN,한투 인버스2XS&P500선물 ETN(H),570023,,,,,,,
KRG580000146,Q580014,ETN,KB 인버스 2X 나스닥 100 ETN,580014,,,,,,,
KRG580000179,Q580017,ETN,KB 인버스 2X S&P 500 선물 ETN,580017,,,,,,,
KRG580000237,Q580023,ETN,KB 인버스 2X 금 선물 ETN(H),580023,,,,,,,
KRG580000328,Q580032,ETN,KB 레버리지 구리 선물 ETN(H),580032,,,,,,,
KRG580000435,Q580043,ETN,KB 레버리지 KOSDAQ 150 선물 ETN,580043,,,,,,,
KRG580000591,Q580059,ETN,KB 미국채 10년 ETN,580059,,,,,,,
KRG580000666,Q580066,ETN,KB 인도 대형 성장주 Select 5 ETN,580066,,,,,,,
KRG580000674,Q580067,ETN,KB 인도 디지털 Select 5 ETN,580067,,,,,,,
KRG580000716,Q580071,ETN,KB 인버스 2X 천연가스 선물 ETN B,580071,,,,,,,
KRG580000765,Q580076,ETN,KB 레버리지 미국 나스닥 100 TR ETN B,580076,,,,,,,
KRG580000781,Q580078,ETN,KB 은 선물 ETN,580078,,,,,,,
KRG580000815,Q580081,ETN,KB 인버스 2X 은 선물 ETN,580081,,,,,,,
KRG580000880,Q580088,ETN,KB 인버스 2X KOSPI 200 선물 ETN B,580088,,,,,,,
KRG610000033,Q610003,ETN,메리츠 미국 인플레이션 국채 ETN(H),610003,,,,,,,
KRG610000041,Q610004,ETN,메리츠 미국레버리지 인플레이션국채ETN(H),610004,,,,,,,
KRG610000074,Q610007,ETN,메리츠 국채30년 ETN,610007,,,,,,,
KRG610000082,Q610008,ETN,메리츠 레버리지 국채30년 ETN,610008,,,,,,,
KRG610000108,Q610010,ETN,메리츠 인버스 2X 국채30년 ETN,610010,,,,,,,
KRG610000181,Q610018,ETN,메리츠 국채10년 ETN,610018,,,,,,,
KRG610000223,Q610022,ETN,메리츠 미국채10년 ETN(H),610022,,,,,,,
KRG610000280,Q610028,ETN,메리츠 레버리지 구리 선물 ETN(H),610028,,,,,,,
KRG610000330,Q610033,ETN,메리츠 STAR 50 ETN,610033,,,,,,,
KRG610000348,Q610034,ETN,메리츠 대표 농산물 선물 ETN(H),610034,,,,,,,
KRG610000405,Q610040,ETN,메리츠 인버스 2X 미국채30년 ETN(H),610040,,,,,,,
KRG610000496,Q610049,ETN,메리츠 국채5년 ETN,610049,,,,,,,
KRG610000504,Q610050,ETN,메리츠 레버리지 국채5년 ETN,610050,,,,,,,
KRG610000546,Q610054,ETN,메리츠 블룸버그 -2X 천연가스 선물 ETN(H),610054,,,,,,,
KRG610000579,Q610057,ETN,메리츠 3X 레버리지 국채5년 ETN,610057,,,,,,,
KRG610000611,Q610061,ETN,메리츠 3X 레버리지 국채30년 ETN,610061,,,,,,,
KRG610000629,Q610062,ETN,메리츠 인버스 3X 국채30년 ETN,610062,,,,,,,
KRG610000637,Q610063,ETN,메리츠 KIS CD금리투자 ETN,610063,,,,,,,
KRG610000678,Q610067,ETN,메리츠 블룸버그 2X 천연가스선물 ETN(H) B,610067,,,,,,,
KRG610000702,Q610070,ETN,메리츠 KAP 인버스 2X 일본 엔화 ETN,610070,,,,,,,
KRG610000728,Q610072,ETN,메리츠 KAP 레버리지 중국 위안화 ETN,610072,,,,,,,
KRG610000801,Q610080,ETN,메리츠 멕시코 페소화 ETN,610080,,,,,,,
KRG610000868,Q610086,ETN,메리츠 인버스2X 미국채30년 스트립 ETN(H),610086,,,,,,,
KRG610000892,Q610089,ETN,메리츠 인버스 2X WTI원유 선물 ETN(H),610089,,,,,,,
KRG610000967,Q610096,ETN,메리츠 인버스 2X 천연가스 선물 ETN(H),610096,,,,,,,
KRG610000975,Q610097,ETN,메리츠 미국채30년스트립 커버드콜 ETN(H),610097,,,,,,,
KRG700000117,Q700011,ETN,하나 레버리지 옥수수 선물 ETN(H),700011,,,,,,,
KRG700000182,Q700018,ETN,하나 인버스 2X 코스닥150 선물 ETN,700018,,,,,,,
KRG700000240,Q700024,ETN,하나 -0.5X S&P500 VIX S/T 선물 ETN(H),700024,,,,,,,
KRG700000273,Q700027,ETN,하나 반도체 ETN,700027,,,,,,,
KRG700000281,Q700028,ETN,하나 레버리지 반도체 ETN,700028,,,,,,,
KRG610000231,Q610023,ETN,메리츠 레버리지 미국채10년 ETN(H),610023,,,,,,,
KRG610000249,Q610024,ETN,메리츠 인버스 미국채10년 ETN(H),610024,,,,,,,
KRG610000298,Q610029,ETN,메리츠 인버스 2X 구리 선물 ETN(H),610029,,,,,,,
KRG610000355,Q610035,ETN,메리츠 레버리지 대표 농산물 선물 ETN(H),610035,,,,,,,
KRG610000363,Q610036,ETN,메리츠 인버스 2X 대표 농산물 선물 ETN(H),610036,,,,,,,
KRG610000389,Q610038,ETN,메리츠 레버리지 미국채30년 ETN(H),610038,,,,,,,
KRG610000397,Q610039,ETN,메리츠 인버스 미국채30년 ETN(H),610039,,,,,,,
KRG610000439,Q610043,ETN,메리츠 천연가스 선물 ETN(H),610043,,,,,,,
KRG610000454,Q610045,ETN,메리츠 국채3년 ETN,610045,,,,,,,
KRG610000462,Q610046,ETN,메리츠 레버리지 국채3년 ETN,610046,,,,,,,
KRG610000553,Q610055,ETN,메리츠 3X 레버리지 국채3년 ETN,610055,,,,,,,
KRG610000587,Q610058,ETN,메리츠 인버스 3X 국채5년 ETN,610058,,,,,,,
KRG610000595,Q610059,ETN,메리츠 3X 레버리지 국채10년 ETN,610059,,,,,,,
KRG610000645,Q610064,ETN,메리츠 KAP 통안채 6개월 ETN,610064,,,,,,,
KRG610000652,Q610065,ETN,메리츠 KIS 통안채 1년 ETN,610065,,,,,,,
KRG610000710,Q610071,ETN,메리츠 KAP 중국 위안화 ETN,610071,,,,,,,
KRG610000793,Q610079,ETN,메리츠 인버스 3X 미국채30년 ETN,610079,,,,,,,
KRG610000835,Q610083,ETN,메리츠 레버리지 인도 루피화 ETN,610083,,,,,,,
KRG610000843,Q610084,ETN,메리츠 미국채30년 스트립 ETN(H),610084,,,,,,,
KRG610000876,Q610087,ETN,메리츠 WTI원유 선물 ETN(H),610087,,,,,,,
KRG610000884,Q610088,ETN,메리츠 레버리지 WTI원유 선물 ETN(H),610088,,,,,,,
KRG610001023,Q610102,ETN,메리츠 솔랙티브 금 선물 ETN(H),610102,,,,,,,
KRG700000141,Q700014,ETN,하나 인버스 2X 콩 선물 ETN(H),700014,,,,,,,
KRG700000174,Q700017,ETN,하나 레버리지 코스닥150 선물 ETN,700017,,,,,,,
KRG700000265,Q700026,ETN,하나 CD금리투자 ETN,700026,,,,,,,
KRG700000299,Q700029,ETN,하나 S&P 레버리지 WTI원유 선물 ETN B,700029,,,,,,,
KRG700000323,Q700032,ETN,하나 인버스 2X 천연가스 선물 ETN(H),700032,,,,,,,
KRG700000364,Q700036,ETN,하나 인버스 2X 반도체 ETN,700036,,,,,,,
KRG760000064,Q760006,ETN,키움 KPOP ETN,760006,,,,,,,
KRG760000080,Q760008,ETN,키움 코스닥 150 TR ETN,760008,,,,,,,
KRG760000148,Q760014,ETN,키움 바이오TOP10 ETN,760014,,,,,,,
KRG760000155,Q760015,ETN,키움 레버리지 바이오TOP10 ETN,760015,,,,,,,
KRG760000205,Q760020,ETN,키움 레버리지 리츠부동산인프라 ETN,760020,,,,,,,
KRG760000270,Q760027,ETN,키움 인버스 2X 전력 TOP5 ETN,760027,,,,,,,
KRG700000331,Q700033,ETN,하나 K방산TOP10 ETN,700033,,,,,,,
KRG760000098,Q760009,ETN,키움 CD금리투자 ETN,760009,,,,,,,
KRG760000106,Q760010,ETN,키움 2차전지산업 ETN,760010,,,,,,,
KRG760000163,Q760016,ETN,키움 레버리지 조선TOP10 ETN,760016,,,,,,,
KRG760000189,Q760018,ETN,키움 미국달러선물 ETN B,760018,,,,,,,
KRG760000213,Q760021,ETN,키움 코스피200 선물 달러노출 ETN,760021,,,,,,,
KRG760000221,Q760022,ETN,키움 K방산 TOP5 ETN,760022,,,,,,,
KRG760000239,Q760023,ETN,키움 레버리지 K방산 TOP5 ETN,760023,,,,,,,
KR70233J0002,A0233J0,ETF,TIGER 삼성전자SK하이닉스미국채혼합50,0233J0,,,,,,,
KR70000J0003,A0000J0,ETF,PLUS 한화그룹주,0000J0,0.19,실물(패시브),국내,주식,환노출,0.19,LSEG
KR70000Y0004,A0000Y0,ETF,HK 26-12 회사채(AA-이상)액티브,0000Y0,0.065,실물(액티브),국내,채권,환노출,0.065,LSEG
KR70002C0008,A0002C0,ETF,에셋플러스 인도일등기업포커스20액티브,0002C0,0.99,실물(액티브),해외,주식,환노출,0.99,LSEG
KR70007G0009,A0007G0,ETF,PLUS 글로벌원자력밸류체인,0007G0,0.39,실물(패시브),해외,주식,환노출,0.39,LSEG
KR70008E0000,A0008E0,ETF,ACE 미국중심중소형제조업,0008E0,0.45,실물(패시브),해외,주식,환노출,0.45,LSEG
KR70023B0004,A0023B0,ETF,PLUS 미국양자컴퓨팅TOP10,0023B0,0.45,실물(패시브),해외,주식,환노출,0.45,LSEG
KR70008S0004,A0008S0,ETF,TIGER 미국배당다우존스타겟데일리커버드콜,0008S0,0.25,실물(패시브),해외,주식,환노출,0.25,LSEG
KR70010E0006,A0010E0,ETF,ACE FTSE WGBI Korea,0010E0,,,,,,,
KR70015E0001,A0015E0,ETF,KIWOOM 엔비디아미국30년국채혼합액티브(H),0015E0,0.19,실물(액티브),해외,혼합자산,환헤지,0.19,LSEG
KR70016X0007,A0016X0,ETF,SOL 중단기회사채(A-이상)액티브,0016X0,0.05,실물(액티브),국내,채권,환노출,0.05,LSEG
KR70018C0000,A0018C0,ETF,PLUS 고배당주위클리고정커버드콜,0018C0,0.3,실물(패시브),국내,주식,환노출,0.3,LSEG
KR70019K0009,A0019K0,ETF,TIME 미국나스닥100채권혼합50액티브,0019K0,0.25,실물(액티브),국내&해외,혼합자산,환노출,0.25,LSEG
KR70021E0003,A0021E0,ETF,ACE TDF2050액티브 적격,0021E0,0.35,실물(액티브),국내&해외,혼합자산,환노출,0.35,LSEG
KR70026E0008,A0026E0,ETF,KODEX 미국S&P500버퍼3월액티브,0026E0,0.39,실물(액티브),해외,주식,환노출,0.39,LSEG
KR70028X0003,A0028X0,ETF,KODEX 미국금융테크액티브,0028X0,0.45,실물(액티브),해외,주식,환노출,0.45,LSEG
KR70035T0000,A0035T0,ETF,PLUS 글로벌휴머노이드로봇액티브,0035T0,0.45,실물(액티브),국내&해외,주식,환노출,0.45,LSEG
KR70036D0007,A0036D0,ETF,TIME 미국배당다우존스액티브,0036D0,0.8,실물(액티브),해외,주식,환노출,0.8,LSEG
KR70036R0001,A0036R0,ETF,RISE 미국휴머노이드로봇,0036R0,0.4,실물(패시브),해외,주식,환노출,0.4,LSEG
KR70038A0008,A0038A0,ETF,KODEX 미국휴머노이드로봇,0038A0,0.45,실물(패시브),해외,주식,환노출,0.45,LSEG
KR70041E0009,A0041E0,ETF,KODEX 미국S&P500액티브,0041E0,0.45,실물(액티브),해외,주식,환노출,0.45,LSEG
KRG570000577,Q570057,ETN,한투 은선물 ETN,570057,,,,,,,
KR70047A0007,A0047A0,ETF,TIGER 차이나테크TOP10,0047A0,0.49,실물(패시브),해외,주식,환노출,0.49,LSEG
KR70049K0003,A0049K0,ETF,ACE 미국배당퀄리티채권혼합50,0049K0,0.15,실물(패시브),국내&해외,혼합자산,환노출,0.15,LSEG
KR70051G0004,A0051G0,ETF,SOL 미국원자력SMR,0051G0,0.45,실물(패시브),해외,주식,환노출,0.45,LSEG
KR70068M0007,A0068M0,ETF,KODEX 미국S&P500버퍼6월액티브,0068M0,0.39,실물(액티브),해외,주식,환노출,0.39,LSEG
KR70073X0007,A0073X0,ETF,FOCUS 알리바바미국채커버드콜혼합,0073X0,0.36,실물(패시브),해외,혼합자산,환노출,0.36,LSEG
KR70074K0001,A0074K0,ETF,KoAct K수출핵심기업TOP30액티브,0074K0,0.5,실물(액티브),국내,주식,환노출,0.5,LSEG
KR70080G0009,A0080G0,ETF,KODEX 방산TOP10,0080G0,0.45,실물(패시브),국내,주식,환노출,0.45,LSEG
KR70080X0008,A0080X0,ETF,SOL 미국S&P500미국채혼합50,0080X0,0.15,실물(패시브),해외,혼합자산,환노출,0.15,LSEG
KR70082F0008,A0082F0,ETF,HANARO 유럽방산,0082F0,0.35,실물(패시브),해외,주식,환노출,0.35,LSEG
KR70082V0008,A0082V0,ETF,KODEX TDF2060액티브 적격,0082V0,0.3,실물(액티브),국내&해외,혼합자산,환노출,0.3,LSEG
KR70083S0002,A0083S0,ETF,1Q 미국메디컬AI,0083S0,0.49,실물(패시브),해외,주식,환노출,0.49,LSEG
KR70084D0008,A0084D0,ETF,KIWOOM 미국테크100월간목표헤지액티브,0084D0,0.49,실물(액티브),해외,혼합자산,환노출,0.49,LSEG
KR70084E0007,A0084E0,ETF,KIWOOM 미국대형주500월간목표헤지액티브,0084E0,0.49,실물(액티브),해외,혼합자산,환노출,0.49,LSEG
KR70090B0002,A0090B0,ETF,PLUS K방산소부장,0090B0,0.45,실물(패시브),국내,주식,환노출,0.45,LSEG
KR70091P0005,A0091P0,ETF,TIGER 코리아원자력,0091P0,0.5,실물(패시브),국내,주식,환노출,0.5,LSEG
KR70092C0009,A0092C0,ETF,SOL 27-12 회사채(AA-이상)액티브,0092C0,0.05,실물(액티브),국내,채권,환노출,0.05,LSEG
KR70094K0007,A0094K0,ETF,TIGER 28-04 회사채(A+이상)액티브,0094K0,0.1,실물(액티브),국내,채권,환노출,0.1,LSEG
KR70094L0006,A0094L0,ETF,RISE 차이나테크TOP10위클리타겟커버드콜,0094L0,0.3,실물(패시브),해외,주식,환노출,0.3,LSEG
KR70094X0002,A0094X0,ETF,1Q 샤오미밸류체인액티브,0094X0,0.49,실물(액티브),해외,주식,환노출,0.49,LSEG
KR70097L0003,A0097L0,ETF,KIWOOM 한국고배당&미국AI테크,0097L0,0.45,실물(패시브),국내&해외,주식,환노출,0.45,LSEG
KR70098Z0006,A0098Z0,ETF,FOCUS 200,0098Z0,0.05,실물(패시브),국내,주식,환노출,0.05,LSEG
KRG530000899,Q530089,ETN,삼성 은 선물 ETN(H),530089,,,,,,,
KR70102A0009,A0102A0,ETF,TIGER 미국AI소프트웨어TOP4Plus,0102A0,0.49,실물(패시브),해외,주식,환노출,0.49,LSEG
KR70102X0002,A0102X0,ETF,ACE 유럽방산TOP10,0102X0,0.35,실물(패시브),해외,주식,환노출,0.35,LSEG
KRG500000796,Q500079,ETN,신한 S&P 인버스 유로 선물 ETN(H),500079,,,,,,,
KR70104G0001,A0104G0,ETF,PLUS K방산레버리지,0104G0,0.5,실물(패시브),국내,주식,환노출,0.5,LSEG
KR70105D0003,A0105D0,ETF,SOL 한국AI소프트웨어,0105D0,0.45,실물(패시브),국내,주식,환노출,0.45,LSEG
KR70107F0009,A0107F0,ETF,KIWOOM 미국고배당&AI테크,0107F0,0.45,실물(패시브),해외,주식,환노출,0.45,LSEG
KR70113G0000,A0113G0,ETF,KoAct 미국바이오헬스케어액티브,0113G0,0.5,실물(액티브),해외,주식,환노출,0.5,LSEG
KR70115C0002,A0115C0,ETF,RISE 미국고배당다우존스TOP10,0115C0,0.01,실물(패시브),해외,주식,환노출,0.01,LSEG
KR70123S0004,A0123S0,ETF,HANARO 26-12 은행채(AA+이상)액티브,0123S0,0.02,실물(액티브),국내,채권,환노출,0.02,LSEG
KR70128D0006,A0128D0,ETF,PLUS 차이나항셍테크위클리타겟커버드콜,0128D0,0.39,실물(패시브),해외,주식,환노출,0.39,LSEG
KR70132K0001,A0132K0,ETF,PLUS 테슬라위클리커버드콜채권혼합,0132K0,0.39,실물(패시브),국내&해외,주식,환노출,0.39,LSEG
KR70138D0004,A0138D0,ETF,RISE 동학개미,0138D0,0.07,실물(패시브),국내,주식,환노출,0.07,LSEG
KR70139F0001,A0139F0,ETF,TIGER 12월자동연장금융채(AA-이상)액티브,0139F0,0.1,실물(액티브),국내,채권,환노출,0.1,LSEG
KR70142D0008,A0142D0,ETF,TIGER 미국AI데이터센터TOP4Plus,0142D0,0.49,실물(패시브),해외,주식,환노출,0.49,LSEG
KR70144L0006,A0144L0,ETF,KODEX 미국성장커버드콜액티브,0144L0,0.49,실물(액티브),해외,주식,환노출,0.49,LSEG
KR70144M0005,A0144M0,ETF,KODEX 미국드론UAM TOP10,0144M0,0.49,실물(패시브),해외,주식,환노출,0.49,LSEG
KR70148J0006,A0148J0,ETF,TIGER 코리아휴머노이드로봇산업,0148J0,0.5,실물(패시브),국내,주식,환노출,0.5,LSEG
KR70151P0002,A0151P0,ETF,RISE 코리아전략산업액티브,0151P0,0.5,실물(액티브),국내,주식,환노출,0.5,LSEG
KR70152E0004,A0152E0,ETF,SOL 배당성향탑픽액티브,0152E0,0.3,실물(액티브),국내,주식,환노출,0.3,LSEG
KR70155N0000,A0155N0,ETF,HANARO K휴머노이드테마TOP10,0155N0,0.45,실물(패시브),국내,주식,환노출,0.45,LSEG
KR70162Y0008,A0162Y0,ETF,TIME 코스닥액티브,0162Y0,0.8,실물(액티브),국내,주식,환노출,0.8,LSEG
KR70166S0002,A0166S0,ETF,PLUS K제조업핵심기업액티브,0166S0,0.63,실물(액티브),국내,주식,환노출,0.63,LSEG
KR70168K0008,A0168K0,ETF,TIGER 기술이전바이오액티브,0168K0,0.5,실물(액티브),국내,주식,환노출,0.5,LSEG
KR70172V0009,A0172V0,ETF,1Q 은액티브,0172V0,0.3,실물(액티브),해외,원자재,환노출,0.3,LSEG
KR70177R0000,A0177R0,ETF,TIGER 반도체TOP10커버드콜액티브,0177R0,0.45,실물(액티브),국내,주식,환노출,0.45,LSEG
KR70177X0002,A0177X0,ETF,ACE K휴머노이드로봇산업TOP2+,0177X0,0.45,실물(패시브),국내,주식,환노출,0.45,LSEG
KR70178H0001,A0178H0,ETF,IBK 미국AI TOP10국채혼합50,0178H0,0.25,실물(패시브),국내&해외,혼합자산,환노출,0.25,LSEG
KR70182R0003,A0182R0,ETF,1Q K반도체TOP2+,0182R0,0.2,실물(패시브),국내,주식,환노출,0.2,LSEG
KR70184E0006,A0184E0,ETF,1Q 200채권혼합50액티브,0184E0,0.4,실물(액티브),국내,혼합자산,환노출,0.4,LSEG
KR70184L0007,A0184L0,ETF,PLUS 중기종합채권(A-이상)액티브,0184L0,,,,,,,
KR70185L0006,A0185L0,ETF,TIME 글로벌휴머노이드로봇산업액티브,0185L0,,,,,,,
KR70189B0004,A0189B0,ETF,TIGER 은액티브,0189B0,0.3,실물(액티브),해외,원자재,환노출,0.3,LSEG
KR70189Z0006,A0189Z0,ETF,DAISHIN 금융&지주고배당,0189Z0,,,,,,,
KR70190G0006,A0190G0,ETF,KODEX 반도체타겟위클리커버드콜,0190G0,,,,,,,
KR70191W0005,A0191W0,ETF,HANARO 중기종합채권(A-이상)액티브,0191W0,,,,,,,
KR70193W0003,A0193W0,ETF,KODEX 삼성전자단일종목레버리지,0193W0,,,,,,,
KR70194M0004,A0194M0,ETF,ACE 삼성전자단일종목레버리지,0194M0,,,,,,,
KR70194R0009,A0194R0,ETF,KIWOOM SK하이닉스선물단일종목레버리지,0194R0,,,,,,,
KR70197X0008,A0197X0,ETF,SOL SK하이닉스선물단일종목인버스2X,0197X0,,,,,,,
KR70198A0004,A0198A0,ETF,KIWOOM 코스닥150커버드콜액티브,0198A0,,,,,,,
KRG500000804,Q500080,ETN,신한 S&P 레버리지 유로 선물 ETN(H),500080,,,,,,,
KR70203R0008,A0203R0,ETF,WON 중단기종합채권(A-이상)액티브,0203R0,,,,,,,
KR70204D0003,A0204D0,ETF,KODEX 현대차로보틱스밸류체인TOP3플러스,0204D0,,,,,,,
KR70204S0006,A0204S0,ETF,TIGER 코스닥액티브,0204S0,,,,,,,
KR70207G0007,A0207G0,ETF,SOL 우주항공밸류체인,0207G0,,,,,,,
KR70209D0008,A0209D0,ETF,KODEX 전고체배터리ESS TOP2플러스,0209D0,,,,,,,
KR70219E0005,A0219E0,ETF,KODEX 200커버드콜액티브,0219E0,,,,,,,
KR70219Z0000,A0219Z0,ETF,HANARO 미국S&P500액티브,0219Z0,,,,,,,
KR70222D0001,A0222D0,ETF,KoAct 고배당액티브,0222D0,,,,,,,
KR70222F0009,A0222F0,ETF,마이티 AI데이터센터밸류체인,0222F0,,,,,,,
KR70223A0003,A0223A0,ETF,RISE 코스닥커버드콜액티브,0223A0,,,,,,,
KR70223R0004,A0223R0,ETF,TIGER 미국테크NYSE100액티브,0223R0,,,,,,,
KR70226D0007,A0226D0,ETF,FOCUS 금융반도체지주채권혼합50액티브,0226D0,,,,,,,
KR70227K0007,A0227K0,ETF,RISE 미국우주위성통신,0227K0,,,,,,,
KR7091160002,A091160,ETF,KODEX 반도체,091160,0.45,실물(패시브),국내,주식,환노출,0.52,RDB
KR7104530001,A104530,ETF,KIWOOM 코리아고배당,104530,0.19,실물(패시브),국내,주식,환노출,0.19,LSEG
KR7105190003,A105190,ETF,ACE 200,105190,0.017,실물(패시브),국내,주식,환노출,0.017,LSEG
KR7117680009,A117680,ETF,KODEX 철강,117680,0.45,실물(패시브),국내,주식,환노출,0.49,RDB
KR7117700005,A117700,ETF,KODEX 건설,117700,0.45,실물(패시브),국내,주식,환노출,0.49,RDB
KR7123310005,A123310,ETF,TIGER 인버스,123310,0.022,실물(패시브),국내,주식,환노출,0.022,LSEG
KR7130730005,A130730,ETF,KIWOOM 단기자금,130730,0.05,실물(패시브),국내,채권,환노출,0.05,LSEG
KR7131890006,A131890,ETF,ACE 삼성그룹동일가중,131890,0.15,실물(패시브),국내,주식,환노출,0.15,LSEG
KR7144600004,A144600,ETF,KODEX 은선물(H),144600,0.68,실물(패시브),해외,원자재,환헤지,0.68,LSEG
KR7133690008,A133690,ETF,TIGER 미국나스닥100,133690,0.7,실물(패시브),해외,주식,환노출,0.7,LSEG
KR7138230008,A138230,ETF,KIWOOM 미국달러선물,138230,0.37,실물(패시브),국내,통화,환노출,0.37,RDB
KR7253160006,A253160,ETF,PLUS 200선물인버스2X,253160,0.06,실물(패시브),국내,주식,환노출,0.06,LSEG
KR7138520002,A138520,ETF,TIGER 삼성그룹,138520,0.113,실물(패시브),국내,주식,환노출,0.113,LSEG
KR7138540000,A138540,ETF,TIGER 현대차그룹플러스,138540,0.15,실물(패시브),국내,주식,환노출,0.15,LSEG
KR7138910005,A138910,ETF,KODEX 구리선물(H),138910,0.68,실물(패시브),해외,원자재,환헤지,0.68,LSEG
KR7138920004,A138920,ETF,KODEX 콩선물(H),138920,0.68,실물(패시브),해외,원자재,환헤지,0.68,LSEG
KR7143860005,A143860,ETF,TIGER 헬스케어,143860,0.4,실물(패시브),국내,주식,환노출,0.4,RDB
KR7139220008,A139220,ETF,TIGER 200 건설,139220,0.4,실물(패시브),국내,주식,환노출,0.4,LSEG
KR7139230007,A139230,ETF,TIGER 200 중공업,139230,0.34,실물(패시브),국내,주식,환노출,0.4,RDB
KR7139250005,A139250,ETF,TIGER 200 에너지화학,139250,0.34,실물(패시브),국내,주식,환노출,0.4,RDB
KRG500000812,Q500081,ETN,신한 S&P 인버스 2X 유로 선물 ETN(H),500081,,,,,,,
KR7139320006,A139320,ETF,TIGER 금은선물(H),139320,0.69,실물(패시브),해외,원자재,환헤지,0.69,LSEG
KR7140570003,A140570,ETF,RISE 수출주,140570,0.4,실물(패시브),국내,주식,환노출,0.4,LSEG
KR7140580002,A140580,ETF,RISE 우량업종대표주,140580,0.4,실물(패시브),국내,주식,환노출,0.4,LSEG
KR7140950007,A140950,ETF,파워 코스피100,140950,0.155,실물(패시브),국내,주식,환노출,0.155,LSEG
KR7148020001,A148020,ETF,RISE 200,148020,0.017,실물(패시브),국내,주식,환노출,0.017,LSEG
KR7148070006,A148070,ETF,KIWOOM 국고채10년,148070,0.05,실물(패시브),국내,채권,환노출,0.05,LSEG
KR7152380002,A152380,ETF,KODEX 국채선물10년,152380,0.07,실물(패시브),국내,채권,환노출,0.07,LSEG
KR7152870002,A152870,ETF,파워 200,152870,0.145,실물(패시브),국내,주식,환노출,0.145,LSEG
KR7153130000,A153130,ETF,KODEX 단기채권,153130,0.15,실물(패시브),국내,채권,환노출,0.15,RDB
KR7157450008,A157450,ETF,TIGER 단기통안채,157450,0.07,실물(패시브),국내,채권,환노출,0.07,LSEG
KR7157490004,A157490,ETF,TIGER 소프트웨어,157490,0.4,실물(패시브),국내,주식,환노출,0.4,LSEG
KR7252420005,A252420,ETF,RISE 200선물인버스2X,252420,0.022,실물(패시브),국내,주식,환노출,0.022,LSEG
KR7159800002,A159800,ETF,마이티 코스피100,159800,0.375,실물(패시브),국내,주식,환노출,0.375,LSEG
KR7166400002,A166400,ETF,TIGER 200커버드콜OTM,166400,0.38,실물(패시브),국내,주식,환노출,0.38,LSEG
KRG500000838,Q500083,ETN,신한 KOFR금리 ETN,500083,,,,,,,
KR7169950003,A169950,ETF,KODEX 차이나A50,169950,0.12,실물(패시브),해외,주식,환노출,0.4,RDB
KR7174350009,A174350,ETF,TIGER 로우볼,174350,0.4,실물(패시브),국내,주식,환노출,0.4,LSEG
KR7182480004,A182480,ETF,TIGER 미국MSCI리츠(합성 H),182480,0.24,합성(패시브),해외,부동산,환노출,0.24,LSEG
KR7189400005,A189400,ETF,PLUS 글로벌MSCI(합성 H),189400,0.4,합성(패시브),해외,주식,환노출,0.49,RDB
KR7192720001,A192720,ETF,파워 고배당저변동성,192720,0.23,실물(패시브),국내,주식,환노출,0.23,LSEG
KR7203780002,A203780,ETF,TIGER 미국나스닥바이오,203780,0.3,실물(패시브),해외,주식,환노출,0.3,LSEG
KR7204450001,A204450,ETF,KODEX 차이나H레버리지(H),204450,0.64,실물(패시브),해외,주식,환헤지,0.64,LSEG
KR7210780003,A210780,ETF,TIGER 코스피고배당,210780,0.24,실물(패시브),국내,주식,환노출,0.24,LSEG
KR7219900008,A219900,ETF,ACE 중국본토CSI300레버리지(합성),219900,0.5,합성(패시브),해외,주식,합성,0.5,LSEG
KR7225060003,A225060,ETF,TIGER 이머징마켓MSCI레버리지(합성 H),225060,0.58,합성(패시브),해외,주식,환노출,0.58,LSEG
KR7225130004,A225130,ETF,ACE 골드선물 레버리지(합성 H),225130,0.49,합성(패시브),해외,원자재,환노출,0.49,LSEG
KR7226980001,A226980,ETF,KODEX 200 중소형,226980,0.3,실물(패시브),국내,주식,환노출,0.3,LSEG
KR7227540002,A227540,ETF,TIGER 200 헬스케어,227540,0.4,실물(패시브),국내,주식,환노출,0.4,LSEG
KR7227560000,A227560,ETF,TIGER 200 생활소비재,227560,0.4,실물(패시브),국내,주식,환노출,0.4,LSEG
KR7227570009,A227570,ETF,TIGER 우량가치,227570,0.35,실물(패시브),국내,주식,환노출,0.35,LSEG
KR7230480006,A230480,ETF,KIWOOM 미국달러선물인버스2X,230480,0.64,실물(패시브),국내,통화,환노출,0.64,LSEG
KR7236350005,A236350,ETF,TIGER 인도니프티50레버리지(합성),236350,0.58,합성(패시브),해외,주식,합성,0.59,RDB
KR7237350004,A237350,ETF,KODEX 코스피100,237350,0.15,실물(패시브),국내,주식,환노출,0.4,RDB
KR7237370002,A237370,ETF,KODEX 코리아배당성장채권혼합,237370,0.19,실물(패시브),국내,혼합자산,환노출,0.19,RDB
KRG530001145,Q530114,ETN,삼성 인버스 2X S&P500 선물 ETN,530114,,,,,,,
KR7237440003,A237440,ETF,TIGER 경기방어채권혼합,237440,0.18,실물(패시브),국내,혼합자산,환노출,0.18,LSEG
KR7241180009,A241180,ETF,TIGER 일본니케이225,241180,0.29,실물(패시브),해외,주식,환노출,0.35,RDB
KRG520000966,Q520096,ETN,미래에셋 인버스 2X WTI원유 선물 ETN,520096,,,,,,,
KR7245350004,A245350,ETF,TIGER 유로스탁스배당30,245350,0.35,실물(패시브),해외,주식,환노출,0.35,LSEG
KR7245360003,A245360,ETF,TIGER 차이나HSCEI,245360,0.29,실물(패시브),해외,주식,환노출,0.35,RDB
KR7248270001,A248270,ETF,TIGER S&P글로벌헬스케어(합성),248270,0.4,합성(패시브),해외,주식,합성,0.4,LSEG
KR7250780004,A250780,ETF,TIGER 코스닥150선물인버스,250780,0.32,실물(패시브),국내,주식,환노출,0.52,RDB
KR7251590006,A251590,ETF,PLUS 고배당저변동50,251590,0.23,실물(패시브),국내,주식,환노출,0.23,LSEG
KR7252670005,A252670,ETF,KODEX 200선물인버스2X,252670,0.64,실물(패시브),국내,주식,환노출,0.49,RDB
KRG500000853,Q500085,ETN,신한 코스피 200 TR ETN,500085,,,,,,,
KR7261070007,A261070,ETF,TIGER 코스닥150바이오테크,261070,0.4,실물(패시브),국내,주식,환노출,0.4,LSEG
KR7261220008,A261220,ETF,KODEX WTI원유선물(H),261220,0.35,실물(패시브),해외,원자재,환헤지,0.35,LSEG
KR7261920003,A261920,ETF,ACE MSCI필리핀(합성),261920,0.5,합성(패시브),해외,주식,합성,0.5,LSEG
KR7266160001,A266160,ETF,RISE 고배당,266160,0.2,실물(패시브),국내,주식,환노출,0.2,LSEG
KR7266370006,A266370,ETF,KODEX IT,266370,0.45,실물(패시브),국내,주식,환노출,0.45,LSEG
KR7267440006,A267440,ETF,RISE 미국장기국채선물(H),267440,0.4,실물(패시브),해외,채권,환헤지,0.4,LSEG
KR7271050007,A271050,ETF,KODEX WTI원유선물인버스(H),271050,0.35,실물(패시브),해외,원자재,환헤지,0.35,LSEG
KR7272570003,A272570,ETF,RISE 중장기국공채액티브,272570,0.07,실물(액티브),국내,채권,환노출,0.07,LSEG
KR7272580002,A272580,ETF,TIGER 단기채권액티브,272580,0.06,실물(액티브),국내,채권,환노출,0.07,RDB
KR7275280006,A275280,ETF,KODEX 모멘텀주,275280,0.3,실물(패시브),국내,주식,환노출,0.3,LSEG
KR7275750008,A275750,ETF,RISE 코스닥150선물인버스,275750,0.32,실물(패시브),국내,주식,환노출,0.32,LSEG
KR7275980001,A275980,ETF,TIGER 글로벌4차산업혁신기술(합성 H),275980,0.4,합성(패시브),해외,주식,환노출,0.4,LSEG
KR7277630000,A277630,ETF,TIGER 코스피,277630,0.12,실물(패시브),국내,주식,환노출,0.12,LSEG
KRG502400408,Q500040,ETN,신한 레버리지 구리 선물 ETN,500040,,,,,,,
KR7277650008,A277650,ETF,TIGER 코스피중형주,277650,0.24,실물(패시브),국내,주식,환노출,0.24,LSEG
KR7278240007,A278240,ETF,RISE 코스닥150선물레버리지,278240,0.329,실물(패시브),국내,주식,환노출,0.329,LSEG
KRG500000887,Q500088,ETN,신한 2X 26-05 은행채(AAA) ETN,500088,,,,,,,
KR7279530000,A279530,ETF,KODEX 고배당주,279530,0.3,실물(패시브),국내,주식,환노출,0.3,LSEG
KR7284430006,A284430,ETF,KODEX 200미국채혼합50,284430,0.35,실물(패시브),국내&해외,혼합자산,환노출,0.35,LSEG
KR7285690004,A285690,ETF,FOCUS ESG리더스,285690,0.1,실물(패시브),국내,주식,환노출,0.1,RDB
KR7289040008,A289040,ETF,KODEX MSCI KOREA ESG유니버설,289040,0.3,실물(패시브),국내,주식,환노출,0.3,LSEG
KR7289670002,A289670,ETF,PLUS 국채선물10년,289670,0.05,실물(패시브),국내,채권,환노출,0.49,RDB
KR7290130004,A290130,ETF,RISE ESG사회책임투자,290130,0.3,실물(패시브),국내,주식,환노출,0.3,LSEG
KR7291630002,A291630,ETF,KIWOOM 코스닥150선물레버리지,291630,0.09,실물(패시브),국내,주식,환노출,0.09,LSEG
KRG500000937,Q500093,ETN,신한 블룸버그 레버리지 WTI원유선물 ETN B,500093,,,,,,,
KR7292560000,A292560,ETF,TIGER 일본엔선물,292560,0.21,실물(패시브),국내,통화,환노출,0.21,LSEG
KR7294400007,A294400,ETF,KIWOOM 200TR,294400,0.012,실물(패시브),국내,주식,환노출,0.012,LSEG
KR7295040000,A295040,ETF,SOL 200TR,295040,0.05,실물(패시브),국내,주식,환노출,0.05,LSEG
KR7298340001,A298340,ETF,PLUS 국채선물3년,298340,0.1,실물(패시브),국내,채권,환노출,0.1,LSEG
KR7298770009,A298770,ETF,KODEX 한국대만IT프리미어,298770,0.55,실물(패시브),국내&해외,주식,환노출,0.55,LSEG
KR7302190004,A302190,ETF,TIGER 중장기국채,302190,0.13,실물(패시브),국내,채권,환노출,0.13,LSEG
KR7304660004,A304660,ETF,KODEX 미국30년국채울트라선물(H),304660,0.3,실물(패시브),해외,채권,환헤지,0.3,LSEG
KR7304940000,A304940,ETF,KODEX 미국나스닥100선물(H),304940,0.05,실물(패시브),해외,주식,환헤지,0.05,LSEG
KR7305050007,A305050,ETF,ACE 코스피,305050,0.02,실물(패시브),국내,주식,환노출,0.02,LSEG
KR7306530007,A306530,ETF,HANARO 코스닥150선물레버리지,306530,0.45,실물(패시브),국내,주식,환노출,0.45,LSEG
KR7309230001,A309230,ETF,ACE 미국WideMoat동일가중,309230,0.4,실물(패시브),해외,주식,환노출,0.4,LSEG
KR7310080007,A310080,ETF,RISE 중국MSCI China(H),310080,0.6,실물(패시브),해외,주식,환헤지,0.6,LSEG
KRG510000265,Q510026,ETN,대신 레버리지 코스닥 150 선물 ETN,510026,,,,,,,
KR7310960000,A310960,ETF,TIGER 200TR,310960,0.09,실물(패시브),국내,주식,환노출,0.09,LSEG
KR7314250002,A314250,ETF,KODEX 미국빅테크10(H),314250,0.45,실물(패시브),해외,주식,환헤지,0.45,LSEG
KR7315270009,A315270,ETF,TIGER 200커뮤니케이션서비스,315270,0.4,실물(패시브),국내,주식,환노출,0.4,LSEG
KR7315960005,A315960,ETF,RISE 대형고배당10TR,315960,0.07,실물(패시브),국내,주식,환노출,0.07,LSEG
KR7316670009,A316670,ETF,KIWOOM 코스닥150,316670,0.15,실물(패시브),국내,주식,환노출,0.15,LSEG
KR7322410002,A322410,ETF,HANARO K고배당,322410,0.07,실물(패시브),국내,주식,환노출,0.07,LSEG
KR7328370002,A328370,ETF,PLUS 코스피TR,328370,0.15,실물(패시브),국내,주식,환노출,0.15,LSEG
KRG510000273,Q510027,ETN,대신 인버스 2X 코스닥 150 선물 ETN,510027,,,,,,,
KR7329650006,A329650,ETF,KODEX TRF3070,329650,0.24,실물(패시브),국내&해외,혼합자산,환노출,0.24,LSEG
KR7332620004,A332620,ETF,PLUS 미국장기우량회사채,332620,0.315,실물(패시브),해외,채권,환노출,0.315,LSEG
KR7332940006,A332940,ETF,HANARO MSCI Korea TR,332940,0.12,실물(패시브),국내,주식,환노출,0.12,LSEG
KR7334690005,A334690,ETF,RISE 팔라듐선물(H),334690,0.6,실물(패시브),해외,원자재,환헤지,0.6,LSEG
KRG500000945,Q500094,ETN,신한 블룸버그 인버스2X WTI원유선물 ETN B,500094,,,,,,,
KR7336160007,A336160,ETF,RISE 금융채액티브,336160,0.07,실물(액티브),국내,채권,환노출,0.07,LSEG
KR7337120000,A337120,ETF,KODEX 멀티팩터,337120,0.3,실물(패시브),국내,주식,환노출,0.3,LSEG
KR7337160006,A337160,ETF,KODEX 200ESG,337160,0.09,실물(패시브),국내,주식,환노출,0.09,LSEG
KR7357870005,A357870,ETF,TIGER CD금리투자KIS(합성),357870,0.03,합성(패시브),국내,기타,합성,0.03,LSEG
KR7360150007,A360150,ETF,KODEX 코스닥150롱코스피200숏선물,360150,0.64,실물(패시브),국내,주식,환노출,0.64,LSEG
KR7360750004,A360750,ETF,TIGER 미국S&P500,360750,0.006,실물(패시브),해외,주식,환노출,0.006,LSEG
KR7361580004,A361580,ETF,RISE 200TR,361580,0.012,실물(패시브),국내,주식,환노출,0.012,LSEG
KR7412560005,A412560,ETF,TIGER BBIG레버리지,412560,0.59,실물(패시브),국내,주식,환노출,0.59,LSEG
KR7363570003,A363570,ETF,KODEX 장기종합채권(AA-이상)액티브,363570,0.045,실물(액티브),국내,채권,환노출,0.045,LSEG
KR7364960005,A364960,ETF,TIGER BBIG,364960,0.4,실물(패시브),국내,주식,환노출,0.4,LSEG
KR7365780006,A365780,ETF,ACE 국고채10년,365780,0.02,실물(패시브),국내,채권,환노출,0.02,LSEG
KR7367380003,A367380,ETF,ACE 미국나스닥100,367380,0.006,실물(패시브),해외,주식,환노출,0.006,LSEG
KR7367760006,A367760,ETF,RISE 네트워크인프라,367760,0.45,실물(패시브),국내,주식,환노출,0.45,LSEG
KR7368190005,A368190,ETF,HANARO Fn K-뉴딜디지털플러스,368190,0.45,실물(패시브),국내,주식,환노출,0.45,LSEG
KR7371460007,A371460,ETF,TIGER 차이나전기차SOLACTIVE,371460,0.49,실물(패시브),해외,주식,환노출,0.49,LSEG
KR7438210007,A438210,ETF,PLUS 글로벌AI,438210,,,,,,,
KR7373790005,A373790,ETF,KIWOOM 미국방어배당성장나스닥,373790,0.4,실물(패시브),해외,주식,환노출,0.4,LSEG
KR7375270006,A375270,ETF,RISE 글로벌데이터센터리츠(합성),375270,0.4,합성(패시브),해외,부동산,합성,0.4,LSEG
KR7375760006,A375760,ETF,HANARO 탄소효율그린뉴딜,375760,0.2,실물(패시브),국내,주식,환노출,0.2,LSEG
KR7375770005,A375770,ETF,KODEX 탄소효율그린뉴딜,375770,0.09,실물(패시브),국내,주식,환노출,0.09,LSEG
KR7379790009,A379790,ETF,RISE 유로스탁스50(H),379790,0.021,실물(패시브),해외,주식,환헤지,0.021,LSEG
KR7379800006,A379800,ETF,KODEX 미국S&P500,379800,0.006,실물(패시브),해외,주식,환노출,0.006,LSEG
KR7381180009,A381180,ETF,TIGER 미국필라델피아반도체나스닥,381180,0.49,실물(패시브),해외,주식,환노출,0.49,LSEG
KRG550000795,Q550079,ETN,N2 S&P500 버퍼10% 12월 ETN(H),550079,,,,,,,
KR7381560002,A381560,ETF,HANARO Fn전기&수소차,381560,0.45,실물(패시브),국내,주식,환노출,0.45,LSEG
KR7381570001,A381570,ETF,HANARO Fn친환경에너지,381570,0.45,실물(패시브),국내,주식,환노출,0.45,LSEG
KR7385510003,A385510,ETF,KODEX 신재생에너지액티브,385510,0.5,실물(액티브),국내,주식,환노출,0.5,LSEG
KR7385540000,A385540,ETF,RISE 종합채권(A-이상)액티브,385540,0.012,실물(액티브),국내,채권,환노출,0.012,LSEG
KR7385590005,A385590,ETF,ACE ESG액티브,385590,0.5,실물(액티브),국내,주식,환노출,0.5,LSEG
KR7385600002,A385600,ETF,ACE 2차전지&친환경차액티브,385600,0.29,실물(액티브),국내,주식,환노출,0.29,LSEG
KR7387280001,A387280,ETF,TIGER 퓨처모빌리티액티브,387280,0.77,실물(액티브),국내,주식,환노출,0.77,LSEG
KRG500001026,Q500102,ETN,신한 블룸버그 2X 천연가스 선물 ETN B,500102,,,,,,,
KR7390390003,A390390,ETF,KODEX 미국반도체,390390,0.09,실물(패시브),해외,주식,환노출,0.09,LSEG
KR7390950004,A390950,ETF,HANARO 단기채권액티브,390950,,,,,,,
KR7391600004,A391600,ETF,ACE 미국친환경그린테마,391600,0.7,실물(패시브),해외,주식,환노출,0.7,LSEG
KR7394660005,A394660,ETF,TIGER 글로벌자율주행&전기차SOLACTIVE,394660,0.49,실물(패시브),해외,주식,환노출,0.49,LSEG
KR7395760002,A395760,ETF,PLUS ESG성장주액티브,395760,0.105,실물(액티브),국내,주식,환노출,0.105,LSEG
KR7396520009,A396520,ETF,TIGER 차이나반도체FACTSET,396520,0.49,실물(패시브),해외,주식,환노출,0.49,LSEG
KR7399110006,A399110,ETF,SOL 미국S&P500ESG,399110,0.15,실물(패시브),해외,주식,환노출,0.15,LSEG
KR7400570008,A400570,ETF,KODEX 유럽탄소배출권선물ICE(H),400570,0.64,실물(패시브),해외,기타,환헤지,0.64,LSEG
KR7400580007,A400580,ETF,SOL 유럽탄소배출권선물S&P(H),400580,0.55,실물(패시브),해외,기타,환헤지,0.55,LSEG
KR7400970000,A400970,ETF,TIGER Fn메타버스,400970,0.45,실물(패시브),국내,주식,환노출,0.45,LSEG
KRG570000569,Q570056,ETN,한투 인버스금선물 ETN,570056,,,,,,,
KR7403790009,A403790,ETF,MIDAS 코스피액티브,403790,0.62,실물(액티브),국내,주식,환노출,0.62,LSEG
KR7404260002,A404260,ETF,KODEX 기후변화솔루션,404260,0.09,실물(패시브),국내,주식,환노출,0.09,LSEG
KR7404540007,A404540,ETF,TIGER KRX기후변화솔루션,404540,0.09,실물(패시브),국내,주식,환노출,0.09,LSEG
KR7407170000,A407170,ETF,KCGI 스마트커머스액티브,407170,,,,,,,
KR7407300003,A407300,ETF,HANARO Fn골프테마,407300,0.45,실물(패시브),국내,주식,환노출,0.45,LSEG
KR7411420003,A411420,ETF,KODEX 미국나스닥AI테크액티브,411420,0.5,실물(액티브),해외,주식,환노출,0.5,LSEG
KR7413220005,A413220,ETF,SOL 차이나태양광CSI(합성),413220,0.5,합성(패시브),해외,주식,합성,0.5,LSEG
KR7413930009,A413930,ETF,WON AI ESG액티브,413930,0.31,실물(액티브),국내,주식,환노출,0.31,LSEG
KR7416090009,A416090,ETF,ACE 중국과창판STAR50,416090,0.5,실물(패시브),해외,주식,환노출,0.5,LSEG
KR7419170006,A419170,ETF,HANARO 미국메타버스iSelect,419170,,,,,,,
KR7419420005,A419420,ETF,KODEX 미국클린에너지나스닥,419420,0.45,실물(패시브),해외,주식,환노출,0.45,LSEG
KR7422420000,A422420,ETF,RISE 2차전지액티브,422420,0.35,실물(액티브),국내,주식,환노출,0.35,LSEG
KR7427110002,A427110,ETF,RISE 창업투자회사,427110,,,,,,,
KR7428510002,A428510,ETF,KODEX 차이나AI테크액티브,428510,0.5,실물(액티브),해외,주식,환노출,0.5,LSEG
KR7453010001,A453010,ETF,PLUS KOFR금리,453010,0.05,실물(패시브),국내,기타,환노출,0.05,LSEG
KR7428560007,A428560,ETF,KODEX 미국ETF산업Top10 Indxx,428560,0.5,실물(패시브),해외,주식,환노출,0.5,LSEG
KRG510000448,Q510044,ETN,대신 레버리지 미국달러 선물 ETN,510044,,,,,,,
KR7429000003,A429000,ETF,TIGER 미국S&P500배당귀족,429000,0.25,실물(패시브),해외,주식,환노출,0.25,LSEG
KR7432600005,A432600,ETF,RISE 국채선물3년,432600,0.07,실물(패시브),국내,채권,환노출,0.07,LSEG
KR7432840007,A432840,ETF,HANARO 미국S&P500,432840,0.045,실물(패시브),해외,주식,환노출,0.045,LSEG
KR7433220001,A433220,ETF,에셋플러스 글로벌대장장이액티브,433220,0.99,실물(액티브),해외,주식,환노출,0.99,LSEG
KR7433250008,A433250,ETF,UNICORN R&D 액티브,433250,0.355,실물(액티브),국내,주식,환노출,0.355,LSEG
KR7433860004,A433860,ETF,PLUS TDF2040액티브,433860,,,,,,,
KR7435530001,A435530,ETF,KIWOOM TDF2030액티브 적격,435530,0.3,실물(액티브),국내&해외,혼합자산,환노출,0.3,LSEG
KR7440640001,A440640,ETF,ACE 단기채권알파액티브,440640,0.15,실물(액티브),국내,채권,환노출,0.15,LSEG
KR7435540000,A435540,ETF,KIWOOM TDF2040액티브 적격,435540,0.34,실물(액티브),국내&해외,혼합자산,환노출,0.34,LSEG
KR7435550009,A435550,ETF,KIWOOM TDF2050액티브 적격,435550,0.38,실물(액티브),국내&해외,혼합자산,환노출,0.38,LSEG
KR7437080005,A437080,ETF,KODEX 미국종합채권ESG액티브(H),437080,0.18,실물(액티브),해외,채권,환헤지,0.18,LSEG
KR7437350002,A437350,ETF,RISE 미국단기투자등급회사채액티브,437350,0.1,실물(액티브),해외,채권,환노출,0.1,LSEG
KR7437370000,A437370,ETF,RISE 글로벌농업경제,437370,0.4,실물(패시브),해외,주식,환노출,0.4,LSEG
KR7438080004,A438080,ETF,ACE 미국S&P500미국채혼합50액티브,438080,0.15,실물(액티브),해외,혼합자산,환노출,0.15,LSEG
KR7438100000,A438100,ETF,ACE 미국나스닥100미국채혼합50액티브,438100,0.15,실물(액티브),해외,혼합자산,환노출,0.15,LSEG
KR7441540002,A441540,ETF,HANARO Fn조선해운,441540,0.45,실물(패시브),국내,주식,환노출,0.45,LSEG
KR7441640000,A441640,ETF,KODEX 미국배당커버드콜액티브,441640,0.19,실물(액티브),해외,주식,환노출,0.19,LSEG
KR7441680006,A441680,ETF,TIGER 미국나스닥100커버드콜(합성),441680,0.37,합성(패시브),해외,주식,합성,0.37,LSEG
KR7441800000,A441800,ETF,TIME Korea플러스배당액티브,441800,0.8,실물(액티브),국내,주식,환노출,0.8,LSEG
KR7442260006,A442260,ETF,마이티 다이나믹퀀트액티브,442260,0.295,실물(액티브),국내,주식,환노출,0.295,LSEG
KR7442580007,A442580,ETF,PLUS 글로벌HBM반도체,442580,0.5,실물(패시브),해외,주식,환노출,0.5,LSEG
KRG501100074,Q500007,ETN,신한 인버스 은 선물 ETN(H),500007,,,,,,,
KR7445150006,A445150,ETF,KODEX 친환경조선해운액티브,445150,0.5,실물(액티브),국내,주식,환노출,0.5,LSEG
KR7447620006,A447620,ETF,SOL 미국TOP5채권혼합50,447620,0.25,실물(패시브),국내&해외,혼합자산,환노출,0.25,LSEG
KR7447660002,A447660,ETF,PLUS 애플채권혼합,447660,0.25,실물(패시브),국내&해외,혼합자산,환노출,0.25,LSEG
KR7448490003,A448490,ETF,HANARO 32-10 국고채액티브,448490,0.05,실물(액티브),국내,채권,환노출,0.05,LSEG
KR7448540005,A448540,ETF,ACE 엔비디아채권혼합,448540,0.07,실물(패시브),국내&해외,혼합자산,환노출,0.07,LSEG
KR7448570002,A448570,ETF,FOCUS AI코리아액티브,448570,0.455,실물(액티브),국내,주식,환노출,0.455,LSEG
KR7448600007,A448600,ETF,RISE 25-11 회사채(AA-이상)액티브,448600,,,,,,,
KRG502100206,Q500020,ETN,신한 레버리지 다우존스지수 선물 ETN(H),500020,,,,,,,
KR7449180009,A449180,ETF,KODEX 미국S&P500(H),449180,0.009,실물(패시브),해외,주식,환헤지,0.009,LSEG
KR7449580000,A449580,ETF,RISE 테슬라애플아마존채권혼합,449580,0.24,실물(패시브),해외,혼합자산,환노출,0.24,LSEG
KR7450910005,A450910,ETF,SOL 코스닥150,450910,0.15,실물(패시브),국내,주식,환노출,0.15,LSEG
KR7451540009,A451540,ETF,TIGER 종합채권(AA-이상)액티브,451540,0.03,실물(액티브),국내,채권,환노출,0.03,LSEG
KR7451600001,A451600,ETF,PLUS 국고채30년액티브,451600,0.05,실물(액티브),국내,채권,환노출,0.05,LSEG
KR7452360001,A452360,ETF,SOL 미국배당다우존스(H),452360,0.05,실물(패시브),해외,주식,환헤지,0.05,LSEG
KR7452440001,A452440,ETF,VITA 밸류알파액티브,452440,0.6,실물(액티브),국내,주식,환노출,0.6,LSEG
KRG502400085,Q500008,ETN,신한 인버스 구리 선물 ETN(H),500008,,,,,,,
KR7453080004,A453080,ETF,KIWOOM 미국나스닥100(H),453080,0.04,실물(패시브),해외,주식,환헤지,0.04,LSEG
KR7453650004,A453650,ETF,KODEX 미국S&P500금융,453650,0.25,실물(패시브),해외,주식,환노출,0.25,LSEG
KR7453820003,A453820,ETF,KODEX 인도Nifty50레버리지(합성),453820,0.39,합성(패시브),해외,주식,합성,0.39,LSEG
KR7454180001,A454180,ETF,KIWOOM 차이나내수소비TOP CSI,454180,0.42,실물(패시브),해외,주식,환노출,0.42,LSEG
KR7454780008,A454780,ETF,KIWOOM 종합채권(AA-이상)액티브,454780,0.025,실물(액티브),국내,채권,환노출,0.025,LSEG
KR7455850008,A455850,ETF,SOL AI반도체소부장,455850,0.45,실물(패시브),국내,주식,환노출,0.45,LSEG
KR7459560009,A459560,ETF,KODEX 테슬라밸류체인FactSet,459560,0.18,실물(패시브),해외,주식,환노출,0.18,LSEG
KRG502400101,Q500010,ETN,신한 인버스 다우존스지수 선물 ETN(H),500010,,,,,,,
KR7459790002,A459790,ETF,KIWOOM 미국성장기업30액티브,459790,0.76,실물(액티브),해외,주식,환노출,0.76,LSEG
KR7460660004,A460660,ETF,RISE 미국S&P배당킹,460660,0.01,실물(패시브),해외,주식,환노출,0.01,LSEG
KR7461270001,A461270,ETF,ACE 26-06 회사채(AA-이상)액티브,461270,0.05,실물(액티브),국내,채권,환노출,0.05,LSEG
KR7461450009,A461450,ETF,KODEX 코스닥글로벌,461450,0.09,실물(패시브),국내,주식,환노출,0.09,LSEG
KR7461500001,A461500,ETF,HANARO 종합채권(AA-이상)액티브,461500,0.02,실물(액티브),국내,채권,환노출,0.02,LSEG
KR7461580003,A461580,ETF,TIGER 코스닥글로벌,461580,0.15,실물(패시브),국내,주식,환노출,0.15,LSEG
KR7461900003,A461900,ETF,PLUS 미국테크TOP10,461900,0.01,실물(패시브),해외,주식,환노출,0.01,LSEG
KRG502400135,Q500013,ETN,신한 옥수수 선물 ETN(H),500013,,,,,,,
KR7461910002,A461910,ETF,PLUS 미국테크TOP10레버리지(합성),461910,0.5,합성(패시브),해외,주식,합성,0.5,LSEG
KR7462010000,A462010,ETF,TIGER 2차전지소재Fn,462010,0.39,실물(패시브),국내,주식,환노출,0.39,LSEG
KR7462540006,A462540,ETF,SOL 25-09 회사채(AA-이상)액티브,462540,,,,,,,
KR7463050005,A463050,ETF,TIME K바이오액티브,463050,0.8,실물(액티브),국내,주식,환노출,0.8,LSEG
KR7463680009,A463680,ETF,KODEX 미국S&P500테크놀로지,463680,0.25,실물(패시브),해외,주식,환노출,0.25,LSEG
KR7463690008,A463690,ETF,KODEX 미국S&P500커뮤니케이션,463690,0.25,실물(패시브),해외,주식,환노출,0.25,LSEG
KR7464310002,A464310,ETF,TIGER 글로벌AI&로보틱스 INDXX,464310,0.49,실물(패시브),해외,주식,환노출,0.49,LSEG
KR7479080004,A479080,ETF,1Q 머니마켓액티브,479080,0.05,실물(액티브),국내,채권,환노출,0.05,LSEG
KR7465620003,A465620,ETF,ACE 미국빅테크TOP7 Plus인버스(합성),465620,0.6,합성(패시브),해외,주식,합성,0.6,LSEG
KR7464470004,A464470,ETF,PLUS 미국채30년액티브,464470,0.15,실물(액티브),해외,채권,환노출,0.15,LSEG
KR7464540004,A464540,ETF,RISE 25-03 회사채(AA-이상)액티브,464540,,,,,,,
KR7464600006,A464600,ETF,SOL 자동차소부장Fn,464600,0.45,실물(패시브),국내,주식,환노출,0.45,LSEG
KR7464920008,A464920,ETF,PLUS 일본반도체소부장,464920,0.5,실물(패시브),해외,주식,환노출,0.5,LSEG
KR7464930007,A464930,ETF,TIGER 글로벌혁신블루칩TOP10,464930,0.48,실물(패시브),해외,주식,환노출,0.48,LSEG
KR7465350007,A465350,ETF,RISE 2차전지TOP10인버스(합성),465350,0.49,합성(패시브),국내,주식,합성,0.49,LSEG
KR7465580009,A465580,ETF,ACE 미국빅테크TOP7 Plus,465580,0.3,실물(패시브),해외,주식,환노출,0.3,LSEG
KR7465610004,A465610,ETF,ACE 미국빅테크TOP7 Plus레버리지(합성),465610,0.6,합성(패시브),해외,주식,합성,0.6,LSEG
KR7465660009,A465660,ETF,TIGER 일본반도체FACTSET,465660,0.49,실물(패시브),해외,주식,환노출,0.49,LSEG
KR7465780005,A465780,ETF,마이티 26-09 특수채(AAA)액티브,465780,0.06,실물(액티브),국내,채권,환노출,0.06,LSEG
KR7467940003,A467940,ETF,KODEX 25-11 회사채(A+이상)액티브,467940,,,,,,,
KR7468630009,A468630,ETF,KODEX iShares미국투자등급회사채액티브,468630,0.1,실물(액티브),해외,채권,환노출,0.1,LSEG
KR7469060008,A469060,ETF,RISE 미국반도체NYSE,469060,0.01,실물(패시브),해외,주식,환노출,0.01,LSEG
KR7469150007,A469150,ETF,ACE AI반도체TOP3+,469150,0.3,실물(패시브),국내,주식,환노출,0.3,LSEG
KR7471290007,A471290,ETF,HANARO CD금리액티브(합성),471290,,,,,,,
KR7471460006,A471460,ETF,KIWOOM 국고채30년액티브,471460,0.035,실물(액티브),국내,채권,환노출,0.035,LSEG
KR7471760009,A471760,ETF,TIGER AI반도체핵심공정,471760,0.45,실물(패시브),국내,주식,환노출,0.45,LSEG
KR7472490002,A472490,ETF,HANARO 미국애그테크,472490,,,,,,,
KR7473380004,A473380,ETF,HANARO K-메디테크,473380,,,,,,,
KR7473500007,A473500,ETF,KIWOOM 글로벌전력반도체,473500,,,,,,,
KR7473590008,A473590,ETF,ACE 미국주식베스트셀러,473590,0.3,실물(패시브),해외,주식,환노출,0.3,LSEG
KR7473640001,A473640,ETF,HANARO 글로벌금채굴기업,473640,0.15,실물(패시브),해외,주식,환노출,0.15,LSEG
KR7474800000,A474800,ETF,KIWOOM 미국원유에너지기업,474800,0.29,실물(패시브),해외,주식,환노출,0.29,LSEG
KR7475380002,A475380,ETF,RISE 글로벌리얼티인컴,475380,0.01,실물(패시브),해외,부동산,환노출,0.01,LSEG
KR7475720009,A475720,ETF,RISE 200위클리커버드콜,475720,0.3,실물(패시브),국내,주식,환노출,0.3,LSEG
KR7476070008,A476070,ETF,KODEX 글로벌비만치료제TOP2 Plus,476070,0.45,실물(패시브),해외,주식,환노출,0.45,LSEG
KR7476260005,A476260,ETF,HANARO 반도체핵심공정주도주,476260,0.45,실물(패시브),국내,주식,환노출,0.45,LSEG
KR7476550009,A476550,ETF,TIGER 미국30년국채커버드콜액티브(H),476550,0.39,실물(액티브),해외,채권,환헤지,0.39,LSEG
KR7476760004,A476760,ETF,ACE 미국30년국채액티브,476760,0.05,실물(액티브),해외,채권,환노출,0.05,LSEG
KR7477050009,A477050,ETF,PLUS 머니마켓액티브,477050,0.05,실물(액티브),국내,채권,환노출,0.05,LSEG
KR7477730006,A477730,ETF,KODEX 인도타타그룹,477730,0.45,실물(패시브),해외,주식,환노출,0.45,LSEG
KR7479520009,A479520,ETF,RISE KOFR금리액티브(합성),479520,0.02,합성(액티브),국내,기타,합성,0.02,LSEG
KR7479620007,A479620,ETF,SOL 미국AI반도체칩메이커,479620,0.45,실물(패시브),해외,주식,환노출,0.45,LSEG
KR7481340008,A481340,ETF,RISE 미국30년국채액티브,481340,0.05,실물(액티브),해외,채권,환노출,0.05,LSEG
KR7483230009,A483230,ETF,RISE 25-06 은행채(AA+이상)액티브,483230,,,,,,,
KR7483420006,A483420,ETF,ACE 애플밸류체인액티브,483420,0.45,실물(액티브),국내&해외,주식,환노출,0.45,LSEG
KR7485540009,A485540,ETF,KODEX 미국AI테크TOP10,485540,0.3,실물(패시브),해외,주식,환노출,0.3,LSEG
KR7486830003,A486830,ETF,HANARO 머니마켓액티브,486830,0.04,실물(액티브),국내,채권,환노출,0.04,LSEG
KR7487230005,A487230,ETF,KODEX 미국AI전력핵심인프라,487230,0.45,실물(패시브),해외,주식,환노출,0.45,LSEG
KR7487240004,A487240,ETF,KODEX AI전력핵심설비,487240,0.39,실물(패시브),국내,주식,환노출,0.39,LSEG
KR7487340002,A487340,ETF,ACE 머니마켓액티브,487340,0.05,실물(액티브),국내,채권,환노출,0.05,LSEG
KR7487910002,A487910,ETF,ACE 인도컨슈머파워액티브,487910,0.45,실물(액티브),해외,주식,환노출,0.45,LSEG
KR7487920001,A487920,ETF,ACE 인도시장대표BIG5그룹액티브,487920,0.45,실물(액티브),해외,주식,환노출,0.45,LSEG
KR7487950008,A487950,ETF,KODEX 대만테크고배당다우존스,487950,0.45,실물(패시브),해외,주식,환노출,0.45,LSEG
KR7488500000,A488500,ETF,TIGER 미국S&P500동일가중,488500,0.2,실물(패시브),해외,주식,환노출,0.2,LSEG
KR7488770009,A488770,ETF,KODEX 머니마켓액티브,488770,0.05,실물(액티브),국내,채권,환노출,0.05,LSEG
KRG500000697,Q500069,ETN,신한 레버리지 코스피 200 선물 ETN,500069,,,,,,,
KRG502400242,Q500024,ETN,신한 인버스 콩 선물 ETN(H),500024,,,,,,,
KR7489000000,A489000,ETF,PLUS 일본엔화초단기국채(합성),489000,0.19,합성(패시브),해외,채권,합성,0.19,LSEG
KR7489570002,A489570,ETF,HANARO 25-12 은행채(AA+이상)액티브,489570,,,,,,,
KR7489860007,A489860,ETF,KIWOOM 글로벌전력GRID인프라,489860,0.49,실물(패시브),국내&해외,주식,환노출,0.49,LSEG
KR7490090008,A490090,ETF,TIGER 미국AI빅테크10,490090,0.3,실물(패시브),해외,주식,환노출,0.3,LSEG
KR7490490000,A490490,ETF,SOL 미국배당미국채혼합50,490490,0.15,실물(패시브),해외,혼합자산,환노출,0.15,LSEG
KR7490590007,A490590,ETF,RISE 미국AI밸류체인데일리고정커버드콜,490590,0.25,실물(패시브),해외,주식,환노출,0.25,LSEG
KR7490600004,A490600,ETF,RISE 미국배당100데일리고정커버드콜,490600,0.25,실물(패시브),해외,주식,환노출,0.25,LSEG
KRG502400168,Q500016,ETN,신한 금 선물 ETN(H),500016,,,,,,,
KR7491090007,A491090,ETF,KODEX 미국테크TOP3플러스,491090,0.3,실물(패시브),해외,주식,환노출,0.3,LSEG
KR7491230009,A491230,ETF,PLUS 국공채머니마켓액티브,491230,0.05,실물(액티브),국내,채권,환노출,0.05,LSEG
KR7491510004,A491510,ETF,파워 K-주주가치액티브,491510,0.405,실물(액티브),국내,주식,환노출,0.405,LSEG
KR7491630000,A491630,ETF,RISE 미국반도체인버스(합성 H),491630,0.49,합성(패시브),해외,주식,환노출,0.49,LSEG
KR7491820007,A491820,ETF,HANARO 전력설비투자,491820,0.35,실물(패시브),국내,주식,환노출,0.35,LSEG
KR7493420004,A493420,ETF,SOL 미국배당다우존스2호,493420,0.05,실물(패시브),해외,주식,환노출,0.05,LSEG
KR7494210008,A494210,ETF,SOL 미국500타겟데일리커버드콜액티브,494210,0.35,실물(액티브),해외,주식,환노출,0.35,LSEG
KRG502400176,Q500017,ETN,신한 은 선물 ETN(H),500017,,,,,,,
KR7494220007,A494220,ETF,UNICORN SK하이닉스밸류체인액티브,494220,0.5,실물(액티브),국내,주식,환노출,0.5,LSEG
KR7494300007,A494300,ETF,KODEX 미국나스닥100데일리커버드콜OTM,494300,0.25,실물(패시브),해외,주식,환노출,0.25,LSEG
KR7494340003,A494340,ETF,ACE 글로벌AI맞춤형반도체,494340,0.45,실물(패시브),해외,주식,환노출,0.45,LSEG
KR7494890007,A494890,ETF,KODEX 200액티브,494890,0.15,실물(액티브),국내,주식,환노출,0.15,LSEG
KR7495550006,A495550,ETF,SOL 코리아밸류업TR,495550,0.05,실물(패시브),국내,주식,환노출,0.05,LSEG
KR7495710006,A495710,ETF,BNK 26-06 특수채(AAA이상)액티브,495710,0.1,실물(액티브),국내,채권,환노출,0.1,LSEG
KR7495850000,A495850,ETF,KODEX 코리아밸류업,495850,0.008,실물(패시브),국내,주식,환노출,0.008,LSEG
KRG500000713,Q500071,ETN,신한 레버리지 코스닥 150 선물 ETN,500071,,,,,,,
KR7496020009,A496020,ETF,WON 전단채플러스액티브,496020,0.05,실물(액티브),국내,채권,환노출,0.05,LSEG
KR7496090002,A496090,ETF,KIWOOM 코리아밸류업,496090,0.009,실물(패시브),국내,주식,환노출,0.009,LSEG
KR7497570002,A497570,ETF,TIGER 미국필라델피아AI반도체나스닥,497570,0.49,실물(패시브),해외,주식,환노출,0.49,LSEG
KR7498180009,A498180,ETF,파워 종합채권(AA-이상)액티브,498180,0.036,실물(액티브),국내,채권,환노출,0.036,LSEG
KR7498270008,A498270,ETF,KIWOOM 미국양자컴퓨팅,498270,0.49,실물(패시브),해외,주식,환노출,0.49,LSEG
KR7499150001,A499150,ETF,SOL 미국S&P500엔화노출(H),499150,0.15,실물(패시브),해외,주식,환헤지,0.15,LSEG
KRG500000671,Q500067,ETN,신한 레버리지 10년 국채선물 ETN,500067,,,,,,,
KRG500000689,Q500068,ETN,신한 인버스 2X 10년 국채선물 ETN,500068,,,,,,,
KRG520000370,Q520037,ETN,미래에셋 코스피200 선물 ETN,520037,,,,,,,
KRG520000537,Q520053,ETN,미래에셋 인버스 천연가스 선물 ETN(H),520053,,,,,,,
KRG520000552,Q520055,ETN,미래에셋 인버스 2X 코스피200 선물 ETN,520055,,,,,,,
KRG520000578,Q520057,ETN,미래에셋 인버스 2X 코스닥150 선물 ETN,520057,,,,,,,
KRG520000610,Q520061,ETN,미래에셋 인도네시아 Top5 ETN,520061,,,,,,,
KRG550000811,Q550081,ETN,N2 S&P500 VIX S/T 선물 ETN D,550081,,,,,,,
KRG520000651,Q520065,ETN,미래에셋 -2X 미국채울트라30년 선물 ETN,520065,,,,,,,
KRG520000701,Q520070,ETN,미래에셋 0.5X 코스피200 선물 ETN,520070,,,,,,,
KRG520000727,Q520072,ETN,미래에셋 미국 AI TOP3 ETN,520072,,,,,,,
KRG520000743,Q520074,ETN,미래에셋 미국 방위산업 TOP3 ETN,520074,,,,,,,
KRG520000750,Q520075,ETN,미래에셋 레버리지 미국 방위산업 TOP3 ETN,520075,,,,,,,
KRG520000792,Q520079,ETN,미래에셋 레버리지 미국 제약 TOP3 ETN,520079,,,,,,,
KRG520000834,Q520083,ETN,미래에셋 2X 미국 자율주행대표기업 ETN,520083,,,,,,,
KRG520000891,Q520089,ETN,미래에셋 CAPE 실러 US Core Sector ETN,520089,,,,,,,
KRG520000933,Q520093,ETN,미래에셋 인버스 2X 은 선물 ETN B,520093,,,,,,,
KRG520000958,Q520095,ETN,미래에셋 레버리지 WTI원유 선물 ETN,520095,,,,,,,
KRG520001022,Q520102,ETN,미래에셋 인버스 2X 코스피200 선물 ETN B,520102,,,,,,,
KRG522100095,Q520009,ETN,미래에셋 레버리지 원유선물혼합 ETN(H),520009,,,,,,,
KRG522100111,Q520011,ETN,미래에셋 인버스 원유선물혼합 ETN(H),520011,,,,,,,
KRG530000840,Q530084,ETN,삼성 인버스 금 선물 ETN(H),530084,,,,,,,
KRG530000881,Q530088,ETN,삼성 레버리지 KRX 2차전지 K-뉴딜 ETN,530088,,,,,,,
KRG530000923,Q530092,ETN,삼성 인버스 코스피 200 선물 ETN,530092,,,,,,,
KRG530000956,Q530095,ETN,삼성 구리 선물 ETN(H),530095,,,,,,,
KRG530001004,Q530100,ETN,삼성 블룸버그 인버스 2X WTI원유 선물 ETN,530100,,,,,,,
KRG530001046,Q530104,ETN,삼성 레버리지 코스피200 선물 ETN,530104,,,,,,,
KRG530001053,Q530105,ETN,삼성 인버스 2X 코스피200 선물 ETN,530105,,,,,,,
KRG530001061,Q530106,ETN,삼성 레버리지 코스닥150 선물 ETN,530106,,,,,,,
KRG530001079,Q530107,ETN,삼성 인버스 2X 코스닥150 선물 ETN,530107,,,,,,,
KRG530001095,Q530109,ETN,삼성 S&P500 VIX S/T 선물 ETN,530109,,,,,,,
KRG530001129,Q530112,ETN,삼성 S&P500 TR ETN,530112,,,,,,,
KRG530001137,Q530113,ETN,삼성 레버리지 S&P500 선물 ETN,530113,,,,,,,
KRG530001194,Q530119,ETN,삼성 레버리지 항셍테크 TR ETN(H) B,530119,,,,,,,
KRG530001236,Q530123,ETN,삼성 일본니케이225선물 ETN(H),530123,,,,,,,
KRG530001319,Q530131,ETN,삼성 인버스0.5X S&P500 VIX S/T선물 ETN B,530131,,,,,,,
KRG530001384,Q530138,ETN,삼성 KRX 레버리지 2차전지 TOP10 TR ETN,530138,,,,,,,
KRG530001426,Q530142,ETN,삼성 중국 AI 테크 TOP5 TR ETN(H),530142,,,,,,,
KRG530001434,Q530143,ETN,삼성 인버스 2X 은 선물 ETN,530143,,,,,,,
KRG532100150,Q530015,ETN,삼성 미국 대형 성장주 ETN(H),530015,,,,,,,
KRG532100192,Q530019,ETN,삼성 미국 대형 성장주 ETN,530019,,,,,,,
KRG532400618,Q530061,ETN,삼성 레버리지 은 선물 ETN(H),530061,,,,,,,
KRG532400634,Q530063,ETN,삼성 레버리지 구리 선물 ETN(H),530063,,,,,,,
KRG532400642,Q530064,ETN,삼성 인버스 2X 구리 선물 ETN(H),530064,,,,,,,
KRG550000597,Q550059,ETN,N2 iSelect 글로벌 EMP ETN(H),550059,,,,,,,
KRG550000639,Q550063,ETN,N2 인버스 레버리지 금 선물 ETN(H),550063,,,,,,,
KRG550000696,Q550069,ETN,N2 레버리지 구리 선물 ETN(H),550069,,,,,,,
KRG550000787,Q550078,ETN,N2 S&P500 버퍼10% 6월 ETN(H),550078,,,,,,,
KRG550000845,Q550084,ETN,N2 코스피 200 TR ETN,550084,,,,,,,
KRG550000894,Q550089,ETN,N2 월간 레버리지 코스피 200 선물 ETN,550089,,,,,,,
KRG550000910,Q550091,ETN,N2 방위산업 Top5 ETN,550091,,,,,,,
KRG552400431,Q550043,ETN,N2 인버스 레버리지 WTI원유 선물 ETN(H),550043,,,,,,,
KRG570000528,Q570052,ETN,한투 플래티넘 선물 ETN,570052,,,,,,,
KRG570000551,Q570055,ETN,한투 금선물 ETN,570055,,,,,,,
KRG570000601,Q570060,ETN,한투 인버스2X금선물 ETN,570060,,,,,,,
KRG570000643,Q570064,ETN,한투 인버스베트남VN30선물 ETN(H),570064,,,,,,,
KRG610000173,Q610017,ETN,메리츠 인버스 2X 은 선물 ETN(H),610017,,,,,,,
KRG570000817,Q570081,ETN,한투 레버리지코스닥150선물 ETN,570081,,,,,,,
KRG570000882,Q570088,ETN,한투 S&P500 VIX S/T 선물 ETN(H),570088,,,,,,,
KRG570000908,Q570090,ETN,한투 KIS CD금리투자 ETN,570090,,,,,,,
KRG570000924,Q570092,ETN,한투 인버스2X유로스탁스50 ETN(H) B,570092,,,,,,,
KRG570000957,Q570095,ETN,한투 레버리지일본엔선물 ETN C,570095,,,,,,,
KRG570000973,Q570097,ETN,한투 엔달러선물 ETN(H),570097,,,,,,,
KRG570000981,Q570098,ETN,한투 레버리지엔달러선물 ETN(H),570098,,,,,,,
KRG570001005,Q570100,ETN,한투 일본종합상사TOP5 ETN,570100,,,,,,,
KRG570001013,Q570101,ETN,한투 인버스나스닥100 ETN B,570101,,,,,,,
KRG570001047,Q570104,ETN,한투 일본니케이225선물 ETN(H),570104,,,,,,,
KRG570001062,Q570106,ETN,한투 레버리지일본니케이225선물 ETN(H),570106,,,,,,,
KRG570001153,Q570115,ETN,한투 인버스0.5X S&P500 VIX S/T선물 ETN B,570115,,,,,,,
KRG570001203,Q570120,ETN,한투 레버리지천연가스선물 ETN C,570120,,,,,,,
KRG570001229,Q570122,ETN,한투 인버스금선물 ETN,570122,,,,,,,
KRG570001260,Q570126,ETN,한투 솔랙티브인버스2X금선물 ETN,570126,,,,,,,
KRG572100227,Q570022,ETN,한투 레버리지S&P500선물 ETN(H),570022,,,,,,,
KRG580000161,Q580016,ETN,KB 레버리지 S&P 500 선물 ETN(H),580016,,,,,,,
KRG580000195,Q580019,ETN,KB 인버스 2X 항셍테크 선물 ETN,580019,,,,,,,
KRG580000203,Q580020,ETN,KB 천연가스 선물 ETN(H),580020,,,,,,,
KRG580000252,Q580025,ETN,KB 레버리지 KRX 2차전지 K-뉴딜 ETN,580025,,,,,,,
KRG580000344,Q580034,ETN,KB 레버리지 FANG 플러스 ETN(H),580034,,,,,,,
KRG580000351,Q580035,ETN,KB S&P 유럽탄소배출권 선물 ETN(H),580035,,,,,,,
KRG580000443,Q580044,ETN,KB 인버스 2X KOSDAQ 150 선물 ETN,580044,,,,,,,
KRG580000476,Q580047,ETN,KB 레버리지 항셍테크 선물 ETN(H) B,580047,,,,,,,
KRG580000500,Q580050,ETN,KB 차이나 과창판 STAR 50 ETN,580050,,,,,,,
KRG580000518,Q580051,ETN,KB 레버리지 밀 선물 ETN,580051,,,,,,,
KRG580000534,Q580053,ETN,KB 레버리지 콩 선물 ETN,580053,,,,,,,
KRG580000559,Q580055,ETN,KB 블룸버그 레버리지 천연가스 선물 ETN,580055,,,,,,,
KRG580000575,Q580057,ETN,KB 일본 컨슈머 TOP 10 ETN,580057,,,,,,,
KRG580000633,Q580063,ETN,KB 레버리지 미국채 10년 선물 ETN,580063,,,,,,,
KRG580000708,Q580070,ETN,KB 레버리지 2차전지 TOP 10 TR ETN,580070,,,,,,,
KRG580000724,Q580072,ETN,KB 화웨이 밸류체인 ETN,580072,,,,,,,
KRG580000732,Q580073,ETN,KB 레버리지 화웨이 밸류체인 ETN,580073,,,,,,,
KRG580000773,Q580077,ETN,KB 인버스 2X 미국 나스닥 100 TR ETN B,580077,,,,,,,
KRG580000799,Q580079,ETN,KB 레버리지 은 선물 ETN,580079,,,,,,,
KRG580000823,Q580082,ETN,KB 레버리지 반도체 TOP10 TR ETN,580082,,,,,,,
KRG580000849,Q580084,ETN,KB 인버스 2X 미국 S&P500 선물 ETN B,580084,,,,,,,
KRG580000856,Q580085,ETN,KB 솔랙티브 천연가스 선물 ETN,580085,,,,,,,
KRG610000017,Q610001,ETN,메리츠 인플레이션 국채 ETN,610001,,,,,,,
KRG610000132,Q610013,ETN,메리츠 인버스 2X 금 선물 ETN(H),610013,,,,,,,
KRG610000256,Q610025,ETN,메리츠 인버스 2X 미국채10년 ETN(H),610025,,,,,,,
KRG610000306,Q610030,ETN,메리츠 S&P 유럽탄소배출권 선물 ETN(H),610030,,,,,,,
KRG610000413,Q610041,ETN,메리츠 블룸버그 레버리지 WTI선물 ETN(H),610041,,,,,,,
KRG610000520,Q610052,ETN,메리츠 인버스 2X 국채5년 ETN,610052,,,,,,,
KRG610000561,Q610056,ETN,메리츠 인버스 3X 국채3년 ETN,610056,,,,,,,
KRG610000603,Q610060,ETN,메리츠 인버스 3X 국채10년 ETN,610060,,,,,,,
KRG610000694,Q610069,ETN,메리츠 KAP 레버리지 일본 엔화 ETN,610069,,,,,,,
KRG610000736,Q610073,ETN,메리츠 KAP 인버스 2X 중국 위안화 ETN,610073,,,,,,,
KRG610000769,Q610076,ETN,메리츠 인버스 3X 미국채10년 ETN,610076,,,,,,,
KRG610000777,Q610077,ETN,메리츠 미국채30년 ETN,610077,,,,,,,
KRG610000827,Q610082,ETN,메리츠 인도 루피화 ETN,610082,,,,,,,
KRG610000900,Q610090,ETN,메리츠 일본 국채 10년 ETN,610090,,,,,,,
KRG610000918,Q610091,ETN,메리츠 3X 레버리지 일본 국채 10년 ETN,610091,,,,,,,
KRG610000926,Q610092,ETN,메리츠 인버스 일본 국채 10년 ETN,610092,,,,,,,
KRG610000983,Q610098,ETN,메리츠 미국채30년 풋라이트 ETN(H),610098,,,,,,,
KRG610000991,Q610099,ETN,메리츠 은 선물 ETN(H),610099,,,,,,,
KRG610001007,Q610100,ETN,메리츠 레버리지 은 선물 ETN(H),610100,,,,,,,
KRG610001015,Q610101,ETN,메리츠 인버스 2X 은 선물 ETN(H),610101,,,,,,,
KRG610001049,Q610104,ETN,메리츠 솔랙티브 인버스 2X 금 선물 ETN(H),610104,,,,,,,
KRG610001064,Q610106,ETN,메리츠 인버스 국채30년 ETN B,610106,,,,,,,
KRG700000133,Q700013,ETN,하나 레버리지 콩 선물 ETN(H),700013,,,,,,,
KRG700000158,Q700015,ETN,하나 S&P 레버리지 WTI원유 선물 ETN,700015,,,,,,,
KRG700000166,Q700016,ETN,하나 S&P 인버스 2X WTI원유 선물 ETN,700016,,,,,,,
KRG700000224,Q700022,ETN,하나 Solactive US Tech Top 10 ETN(H),700022,,,,,,,
KRG700000232,Q700023,ETN,하나 Solactive 2X US Tech Top 10 ETN(H),700023,,,,,,,
KRG700000257,Q700025,ETN,하나 블룸버그 2X 천연가스 선물 ETN(H) B,700025,,,,,,,
KRG700000307,Q700030,ETN,하나 S&P 인버스 2X WTI원유 선물 ETN B,700030,,,,,,,
KRG700000349,Q700034,ETN,하나 레버리지 K방산TOP10 ETN,700034,,,,,,,
KRG700000356,Q700035,ETN,하나 인버스 2X K방산TOP10 ETN,700035,,,,,,,
KRG760000015,Q760001,ETN,키움 미국달러선물 ETN,760001,,,,,,,
KRG760000056,Q760005,ETN,키움 INDXX 미국테크탑10 ETN,760005,,,,,,,
KRG760000122,Q760012,ETN,키움 반도체TOP10 ETN,760012,,,,,,,
KRG760000130,Q760013,ETN,키움 레버리지 반도체TOP10 ETN,760013,,,,,,,
KRG760000247,Q760024,ETN,키움 인버스 2X K방산 TOP5 ETN,760024,,,,,,,
KRG760000288,Q760028,ETN,키움 인버스 2X 반도체TOP10 ETN,760028,,,,,,,
