holding_code_raw,holding_name,sec_type,corp_code,common_ticker,etf_isin,match_rule,source
000000,창고증권(구리),,,,,,derived:etf_holding+company_master+PREF01N001
000012,신한은행29-02-이-1.5-A,,,,,,derived:etf_holding+company_master+PREF01N001
000013,신한은행29-08-이-1-B,,,,,,derived:etf_holding+company_master+PREF01N001
000020,동화약품,stock,00119195,,,stock_code_exact,derived:etf_holding+company_master+PREF01N001
000050,경방,stock,00101628,,,stock_code_exact,derived:etf_holding+company_master+PREF01N001
000070,삼양홀딩스,stock,00126937,,,stock_code_exact,derived:etf_holding+company_master+PREF01N001
000080,하이트진로,stock,00150244,,,stock_code_exact,derived:etf_holding+company_master+PREF01N001
000100,유한양행,stock,00145109,,,stock_code_exact,derived:etf_holding+company_master+PREF01N001
000120,CJ대한통운,stock,00113410,,,stock_code_exact,derived:etf_holding+company_master+PREF01N001
000140,하이트진로홀딩스,stock,00148993,,,stock_code_exact,derived:etf_holding+company_master+PREF01N001
000150,두산,stock,00117212,,,stock_code_exact,derived:etf_holding+company_master+PREF01N001
000155,두산우,stock_pref,00117212,000150,,pref_suffix_to_common,derived:etf_holding+company_master+PREF01N001
000180,성창기업지주,stock,00133335,,,stock_code_exact,derived:etf_holding+company_master+PREF01N001
000210,DL,stock,00109693,,,stock_code_exact,derived:etf_holding+company_master+PREF01N001
000220,유유제약,stock,00144818,,,stock_code_exact,derived:etf_holding+company_master+PREF01N001
000230,일동홀딩스,stock,00146083,,,stock_code_exact,derived:etf_holding+company_master+PREF01N001
000240,한국앤컴퍼니,stock,00160047,,,stock_code_exact,derived:etf_holding+company_master+PREF01N001
000250,삼천당제약,stock,00128546,,,stock_code_exact,derived:etf_holding+company_master+PREF01N001
000270,기아,stock,00106641,,,stock_code_exact,derived:etf_holding+company_master+PREF01N001
000320,노루홀딩스,stock,00113508,,,stock_code_exact,derived:etf_holding+company_master+PREF01N001
000370,한화손해보험,stock,00135917,,,stock_code_exact,derived:etf_holding+company_master+PREF01N001
000390,SP삼화,stock,00129387,,,stock_code_exact,derived:etf_holding+company_master+PREF01N001
000400,롯데손해보험,stock,00113562,,,stock_code_exact,derived:etf_holding+company_master+PREF01N001
000430,대원강업,stock,00111847,,,stock_code_exact,derived:etf_holding+company_master+PREF01N001
000480,CR홀딩스,stock,00148984,,,stock_code_exact,derived:etf_holding+company_master+PREF01N001
000490,대동,stock,00109286,,,stock_code_exact,derived:etf_holding+company_master+PREF01N001
000500,가온전선,stock,00104768,,,stock_code_exact,derived:etf_holding+company_master+PREF01N001
000520,삼일제약,stock,00128032,,,stock_code_exact,derived:etf_holding+company_master+PREF01N001
000540,흥국화재,stock,00103176,,,stock_code_exact,derived:etf_holding+company_master+PREF01N001
000590,CS홀딩스,stock,00149026,,,stock_code_exact,derived:etf_holding+company_master+PREF01N001
000640,동아쏘시오홀딩스,stock,00116824,,,stock_code_exact,derived:etf_holding+company_master+PREF01N001
000650,천일고속,stock,00151395,,,stock_code_exact,derived:etf_holding+company_master+PREF01N001
000660,SK하이닉스,stock,00164779,,,stock_code_exact,derived:etf_holding+company_master+PREF01N001
000670,영풍,stock,00141307,,,stock_code_exact,derived:etf_holding+company_master+PREF01N001
000680,LS네트웍스,stock,00104698,,,stock_code_exact,derived:etf_holding+company_master+PREF01N001
000700,유수홀딩스,stock,00163691,,,stock_code_exact,derived:etf_holding+company_master+PREF01N001
000720,현대건설,stock,00164478,,,stock_code_exact,derived:etf_holding+company_master+PREF01N001
000722,현대건설310-2(녹),,,,,,derived:etf_holding+company_master+PREF01N001
000760,이화산업,stock,00145686,,,stock_code_exact,derived:etf_holding+company_master+PREF01N001
000810,삼성화재,stock,00139214,,,stock_code_exact,derived:etf_holding+company_master+PREF01N001
000815,삼성화재우,stock_pref,00139214,000810,,pref_suffix_to_common,derived:etf_holding+company_master+PREF01N001
000850,화천기공,stock,00166519,,,stock_code_exact,derived:etf_holding+company_master+PREF01N001
000860,강남제비스코,stock,00100939,,,stock_code_exact,derived:etf_holding+company_master+PREF01N001
000880,한화,stock,00160588,,,stock_code_exact,derived:etf_holding+company_master+PREF01N001
000890,보해양조,stock,00123541,,,stock_code_exact,derived:etf_holding+company_master+PREF01N001
000910,유니온,stock,00144252,,,stock_code_exact,derived:etf_holding+company_master+PREF01N001
000950,전방,stock,00147222,,,stock_code_exact,derived:etf_holding+company_master+PREF01N001
000970,한국주철관,stock,00159573,,,stock_code_exact,derived:etf_holding+company_master+PREF01N001
000990,DB하이텍,stock,00160843,,,stock_code_exact,derived:etf_holding+company_master+PREF01N001
001020,페이퍼코리아,stock,00134723,,,stock_code_exact,derived:etf_holding+company_master+PREF01N001
001040,CJ,stock,00148540,,,stock_code_exact,derived:etf_holding+company_master+PREF01N001
001051,서울특별시채권2020-11,,,,,,derived:etf_holding+company_master+PREF01N001
001060,JW중외제약,stock,00149947,,,stock_code_exact,derived:etf_holding+company_master+PREF01N001
001070,대한방직,stock,00112970,,,stock_code_exact,derived:etf_holding+company_master+PREF01N001
001080,만호제강,stock,00120872,,,stock_code_exact,derived:etf_holding+company_master+PREF01N001
001120,LX인터내셔널,stock,00120076,,,stock_code_exact,derived:etf_holding+company_master+PREF01N001
001130,대한제분,stock,00113243,,,stock_code_exact,derived:etf_holding+company_master+PREF01N001
001200,유진투자증권,stock,00131054,,,stock_code_exact,derived:etf_holding+company_master+PREF01N001
001210,금호전기,stock,00106395,,,stock_code_exact,derived:etf_holding+company_master+PREF01N001
001230,동국홀딩스,stock,00114792,,,stock_code_exact,derived:etf_holding+company_master+PREF01N001
001250,GS글로벌,stock,00138190,,,stock_code_exact,derived:etf_holding+company_master+PREF01N001
001260,남광토건,stock,00107066,,,stock_code_exact,derived:etf_holding+company_master+PREF01N001
001270,부국증권,stock,00123772,,,stock_code_exact,derived:etf_holding+company_master+PREF01N001
001290,상상인증권,stock,00112059,,,stock_code_exact,derived:etf_holding+company_master+PREF01N001
001340,PKC,stock,00122472,,,stock_code_exact,derived:etf_holding+company_master+PREF01N001
001360,삼성제약,stock,00126414,,,stock_code_exact,derived:etf_holding+company_master+PREF01N001
001380,SG글로벌,stock,00152039,,,stock_code_exact,derived:etf_holding+company_master+PREF01N001
001390,KG케미칼,stock,00101220,,,stock_code_exact,derived:etf_holding+company_master+PREF01N001
001420,태원물산,stock,00154055,,,stock_code_exact,derived:etf_holding+company_master+PREF01N001
001430,세아베스틸지주,stock,00106669,,,stock_code_exact,derived:etf_holding+company_master+PREF01N001
001440,대한전선,stock,00113207,,,stock_code_exact,derived:etf_holding+company_master+PREF01N001
001450,현대해상,stock,00164973,,,stock_code_exact,derived:etf_holding+company_master+PREF01N001
001460,BYC,stock,00122579,,,stock_code_exact,derived:etf_holding+company_master+PREF01N001
001500,현대차증권,stock,00137997,,,stock_code_exact,derived:etf_holding+company_master+PREF01N001
001510,SK증권,stock,00131850,,,stock_code_exact,derived:etf_holding+company_master+PREF01N001
001530,DI동일,stock,00118345,,,stock_code_exact,derived:etf_holding+company_master+PREF01N001
001550,조비,stock,00148948,,,stock_code_exact,derived:etf_holding+company_master+PREF01N001
001560,제일연마,stock,00148461,,,stock_code_exact,derived:etf_holding+company_master+PREF01N001
001570,금양,stock,00106119,,,stock_code_exact,derived:etf_holding+company_master+PREF01N001
001620,케이비아이동국실업,stock,00114765,,,stock_code_exact,derived:etf_holding+company_master+PREF01N001
001630,종근당홀딩스,stock,00149354,,,stock_code_exact,derived:etf_holding+company_master+PREF01N001
001680,대상,stock,00121941,,,stock_code_exact,derived:etf_holding+company_master+PREF01N001
001720,신영증권,stock,00136721,,,stock_code_exact,derived:etf_holding+company_master+PREF01N001
001740,SK네트웍스,stock,00131780,,,stock_code_exact,derived:etf_holding+company_master+PREF01N001
001750,한양증권,stock,00162416,,,stock_code_exact,derived:etf_holding+company_master+PREF01N001
001770,SHD,stock,00137809,,,stock_code_exact,derived:etf_holding+company_master+PREF01N001
001780,알루코,stock,00117027,,,stock_code_exact,derived:etf_holding+company_master+PREF01N001
001790,대한제당,stock,00113234,,,stock_code_exact,derived:etf_holding+company_master+PREF01N001
001800,오리온홀딩스,stock,00117577,,,stock_code_exact,derived:etf_holding+company_master+PREF01N001
001820,삼화콘덴서,stock,00129350,,,stock_code_exact,derived:etf_holding+company_master+PREF01N001
001940,KISCO홀딩스,stock,00159740,,,stock_code_exact,derived:etf_holding+company_master+PREF01N001
002020,코오롱,stock,00152862,,,stock_code_exact,derived:etf_holding+company_master+PREF01N001
002030,아세아,stock,00138701,,,stock_code_exact,derived:etf_holding+company_master+PREF01N001
002100,경농,stock,00101433,,,stock_code_exact,derived:etf_holding+company_master+PREF01N001
002140,고려산업,stock,00102751,,,stock_code_exact,derived:etf_holding+company_master+PREF01N001
002150,도화엔지니어링,stock,00114552,,,stock_code_exact,derived:etf_holding+company_master+PREF01N001
002170,SYTS,stock,00127042,,,stock_code_exact,derived:etf_holding+company_master+PREF01N001
002200,한국수출포장,stock,00158112,,,stock_code_exact,derived:etf_holding+company_master+PREF01N001
002220,한일철강,stock,00163196,,,stock_code_exact,derived:etf_holding+company_master+PREF01N001
002240,고려제강,stock,00103006,,,stock_code_exact,derived:etf_holding+company_master+PREF01N001
002310,아세아제지,stock,00138729,,,stock_code_exact,derived:etf_holding+company_master+PREF01N001
002320,한진,stock,00163512,,,stock_code_exact,derived:etf_holding+company_master+PREF01N001
002350,넥센타이어,stock,00173874,,,stock_code_exact,derived:etf_holding+company_master+PREF01N001
002360,SH에너지화학,stock,00136457,,,stock_code_exact,derived:etf_holding+company_master+PREF01N001
002380,KCC,stock,00105271,,,stock_code_exact,derived:etf_holding+company_master+PREF01N001
002382,케이씨씨80-2,,,,,,derived:etf_holding+company_master+PREF01N001
002390,한독,stock,00161046,,,stock_code_exact,derived:etf_holding+company_master+PREF01N001
002450,삼익악기,stock,00127857,,,stock_code_exact,derived:etf_holding+company_master+PREF01N001
002460,HS화성,stock,00174527,,,stock_code_exact,derived:etf_holding+company_master+PREF01N001
002620,제일파마홀딩스,stock,00148443,,,stock_code_exact,derived:etf_holding+company_master+PREF01N001
002630,오리엔트바이오,stock,00141626,,,stock_code_exact,derived:etf_holding+company_master+PREF01N001
002690,동일제강,stock,00118451,,,stock_code_exact,derived:etf_holding+company_master+PREF01N001
002700,신일전자,stock,00173698,,,stock_code_exact,derived:etf_holding+company_master+PREF01N001
002710,TCC스틸,stock,00117300,,,stock_code_exact,derived:etf_holding+company_master+PREF01N001
002720,국제약품,stock,00104722,,,stock_code_exact,derived:etf_holding+company_master+PREF01N001
002760,보락,stock,00123107,,,stock_code_exact,derived:etf_holding+company_master+PREF01N001
002780,진흥기업,stock,00150828,,,stock_code_exact,derived:etf_holding+company_master+PREF01N001
002790,아모레퍼시픽홀딩스,stock,00154462,,,stock_code_exact,derived:etf_holding+company_master+PREF01N001
002810,삼영무역,stock,00127167,,,stock_code_exact,derived:etf_holding+company_master+PREF01N001
002820,SUN&L,stock,00132211,,,stock_code_exact,derived:etf_holding+company_master+PREF01N001
002840,미원상사,stock,00121932,,,stock_code_exact,derived:etf_holding+company_master+PREF01N001
002870,신풍,stock,00137368,,,stock_code_exact,derived:etf_holding+company_master+PREF01N001
002880,디와이에이,stock,00149804,,,stock_code_exact,derived:etf_holding+company_master+PREF01N001
002900,TYM,stock,00117230,,,stock_code_exact,derived:etf_holding+company_master+PREF01N001
002920,유성기업,stock,00174004,,,stock_code_exact,derived:etf_holding+company_master+PREF01N001
002960,한국쉘석유,stock,00158149,,,stock_code_exact,derived:etf_holding+company_master+PREF01N001
002990,금호건설,stock,00106313,,,stock_code_exact,derived:etf_holding+company_master+PREF01N001
003000,부광약품,stock,00123718,,,stock_code_exact,derived:etf_holding+company_master+PREF01N001
003010,혜인,stock,00165343,,,stock_code_exact,derived:etf_holding+company_master+PREF01N001
003030,세아제강지주,stock,00124197,,,stock_code_exact,derived:etf_holding+company_master+PREF01N001
003060,에이프로젠바이오로직스,stock,00101044,,,stock_code_exact,derived:etf_holding+company_master+PREF01N001
003070,코오롱글로벌,stock,00152880,,,stock_code_exact,derived:etf_holding+company_master+PREF01N001
003080,SB성보,stock,00132725,,,stock_code_exact,derived:etf_holding+company_master+PREF01N001
003090,대웅,stock,00111810,,,stock_code_exact,derived:etf_holding+company_master+PREF01N001
003120,일성아이에스,stock,00146214,,,stock_code_exact,derived:etf_holding+company_master+PREF01N001
003160,디아이,stock,00118275,,,stock_code_exact,derived:etf_holding+company_master+PREF01N001
003200,일신방직,stock,00146269,,,stock_code_exact,derived:etf_holding+company_master+PREF01N001
003220,대원제약,stock,00111999,,,stock_code_exact,derived:etf_holding+company_master+PREF01N001
003230,삼양식품,stock,00126955,,,stock_code_exact,derived:etf_holding+company_master+PREF01N001
003240,태광산업,stock,00153393,,,stock_code_exact,derived:etf_holding+company_master+PREF01N001
003280,흥아해운,stock,00167208,,,stock_code_exact,derived:etf_holding+company_master+PREF01N001
003300,한일홀딩스,stock,00162993,,,stock_code_exact,derived:etf_holding+company_master+PREF01N001
003350,한국화장품제조,stock,00160621,,,stock_code_exact,derived:etf_holding+company_master+PREF01N001
003380,하림지주,stock,00148364,,,stock_code_exact,derived:etf_holding+company_master+PREF01N001
003451,KB증권47-1,,,,,,derived:etf_holding+company_master+PREF01N001
003460,유화증권,stock,00145190,,,stock_code_exact,derived:etf_holding+company_master+PREF01N001
003470,유안타증권,stock,00117601,,,stock_code_exact,derived:etf_holding+company_master+PREF01N001
003480,한진중공업홀딩스,stock,00163673,,,stock_code_exact,derived:etf_holding+company_master+PREF01N001
003490,대한항공,stock,00113526,,,stock_code_exact,derived:etf_holding+company_master+PREF01N001
003520,영진약품,stock,00141149,,,stock_code_exact,derived:etf_holding+company_master+PREF01N001
003530,한화투자증권,stock,00148610,,,stock_code_exact,derived:etf_holding+company_master+PREF01N001
003540,대신증권,stock,00110893,,,stock_code_exact,derived:etf_holding+company_master+PREF01N001
003545,대신증권우,stock_pref,00110893,003540,,pref_suffix_to_common,derived:etf_holding+company_master+PREF01N001
003550,LG,stock,00120021,,,stock_code_exact,derived:etf_holding+company_master+PREF01N001
003555,LG우,stock_pref,00120021,003550,,pref_suffix_to_common,derived:etf_holding+company_master+PREF01N001
003570,SNT다이내믹스,stock,00134477,,,stock_code_exact,derived:etf_holding+company_master+PREF01N001
003580,HLB글로벌,stock,00169048,,,stock_code_exact,derived:etf_holding+company_master+PREF01N001
003610,방림,stock,00122348,,,stock_code_exact,derived:etf_holding+company_master+PREF01N001
003620,KG모빌리티,stock,00138242,,,stock_code_exact,derived:etf_holding+company_master+PREF01N001
003650,미창석유,stock,00122056,,,stock_code_exact,derived:etf_holding+company_master+PREF01N001
003670,포스코퓨처엠,stock,00155276,,,stock_code_exact,derived:etf_holding+company_master+PREF01N001
003680,한성기업,stock,00161860,,,stock_code_exact,derived:etf_holding+company_master+PREF01N001
003690,코리안리,stock,00113191,,,stock_code_exact,derived:etf_holding+company_master+PREF01N001
003720,삼영,stock,00127255,,,stock_code_exact,derived:etf_holding+company_master+PREF01N001
003780,진양산업,stock,00150439,,,stock_code_exact,derived:etf_holding+company_master+PREF01N001
003830,대한화섬,stock,00113544,,,stock_code_exact,derived:etf_holding+company_master+PREF01N001
003850,보령,stock,00123143,,,stock_code_exact,derived:etf_holding+company_master+PREF01N001
003920,남양유업,stock,00107598,,,stock_code_exact,derived:etf_holding+company_master+PREF01N001
003960,사조대림,stock,00109718,,,stock_code_exact,derived:etf_holding+company_master+PREF01N001
004000,롯데정밀화학,stock,00157681,,,stock_code_exact,derived:etf_holding+company_master+PREF01N001
004020,현대제철,stock,00145880,,,stock_code_exact,derived:etf_holding+company_master+PREF01N001
004024,현대제철128-4,,,,,,derived:etf_holding+company_master+PREF01N001
004060,SG세계물산,stock,00133511,,,stock_code_exact,derived:etf_holding+company_master+PREF01N001
004080,신흥,stock,00173795,,,stock_code_exact,derived:etf_holding+company_master+PREF01N001
004090,한국석유,stock,00157991,,,stock_code_exact,derived:etf_holding+company_master+PREF01N001
004100,태양금속,stock,00153755,,,stock_code_exact,derived:etf_holding+company_master+PREF01N001
004140,동방,stock,00115287,,,stock_code_exact,derived:etf_holding+company_master+PREF01N001
004150,한솔홀딩스,stock,00171636,,,stock_code_exact,derived:etf_holding+company_master+PREF01N001
004170,신세계,stock,00136378,,,stock_code_exact,derived:etf_holding+company_master+PREF01N001
004250,NPC,stock,00108038,,,stock_code_exact,derived:etf_holding+company_master+PREF01N001
004270,남성,stock,00172185,,,stock_code_exact,derived:etf_holding+company_master+PREF01N001
004310,현대약품,stock,00164706,,,stock_code_exact,derived:etf_holding+company_master+PREF01N001
004360,세방,stock,00133812,,,stock_code_exact,derived:etf_holding+company_master+PREF01N001
004370,농심,stock,00108241,,,stock_code_exact,derived:etf_holding+company_master+PREF01N001
004380,삼익THK,stock,00127802,,,stock_code_exact,derived:etf_holding+company_master+PREF01N001
004410,서울식품,stock,00130879,,,stock_code_exact,derived:etf_holding+company_master+PREF01N001
004430,송원산업,stock,00134963,,,stock_code_exact,derived:etf_holding+company_master+PREF01N001
004440,삼일씨엔에스,stock,00109806,,,stock_code_exact,derived:etf_holding+company_master+PREF01N001
004450,삼화왕관,stock,00129235,,,stock_code_exact,derived:etf_holding+company_master+PREF01N001
004490,세방전지,stock,00133858,,,stock_code_exact,derived:etf_holding+company_master+PREF01N001
004540,깨끗한나라,stock,00113492,,,stock_code_exact,derived:etf_holding+company_master+PREF01N001
004560,현대비앤지스틸,stock,00125743,,,stock_code_exact,derived:etf_holding+company_master+PREF01N001
004690,삼천리,stock,00128555,,,stock_code_exact,derived:etf_holding+company_master+PREF01N001
004700,조광피혁,stock,00148939,,,stock_code_exact,derived:etf_holding+company_master+PREF01N001
004710,한솔테크닉스,stock,00157399,,,stock_code_exact,derived:etf_holding+company_master+PREF01N001
004720,팜젠사이언스,stock,00135050,,,stock_code_exact,derived:etf_holding+company_master+PREF01N001
004770,써니전자,stock,00138057,,,stock_code_exact,derived:etf_holding+company_master+PREF01N001
004800,효성,stock,00117188,,,stock_code_exact,derived:etf_holding+company_master+PREF01N001
004830,덕성,stock,00114093,,,stock_code_exact,derived:etf_holding+company_master+PREF01N001
004840,DRB동일,stock,00118266,,,stock_code_exact,derived:etf_holding+company_master+PREF01N001
004890,동일산업,stock,00172936,,,stock_code_exact,derived:etf_holding+company_master+PREF01N001
004910,조광페인트,stock,00148920,,,stock_code_exact,derived:etf_holding+company_master+PREF01N001
004920,씨아이테크,stock,00127158,,,stock_code_exact,derived:etf_holding+company_master+PREF01N001
004960,한신공영,stock,00162063,,,stock_code_exact,derived:etf_holding+company_master+PREF01N001
004970,신라교역,stock,00135962,,,stock_code_exact,derived:etf_holding+company_master+PREF01N001
004980,성신양회,stock,00132804,,,stock_code_exact,derived:etf_holding+company_master+PREF01N001
004990,롯데지주,stock,00120562,,,stock_code_exact,derived:etf_holding+company_master+PREF01N001
005010,휴스틸,stock,00156488,,,stock_code_exact,derived:etf_holding+company_master+PREF01N001
005070,코스모신소재,stock,00129989,,,stock_code_exact,derived:etf_holding+company_master+PREF01N001
005090,SGC에너지,stock,00125150,,,stock_code_exact,derived:etf_holding+company_master+PREF01N001
005110,한창,stock,00163716,,,stock_code_exact,derived:etf_holding+company_master+PREF01N001
005160,동국산업,stock,00172680,,,stock_code_exact,derived:etf_holding+company_master+PREF01N001
005180,빙그레,stock,00124726,,,stock_code_exact,derived:etf_holding+company_master+PREF01N001
005250,녹십자홀딩스,stock,00108135,,,stock_code_exact,derived:etf_holding+company_master+PREF01N001
005281,부산은행2025-09할11M-03,,,,,,derived:etf_holding+company_master+PREF01N001
005282,부산은행2025-10이3A-20(녹),,,,,,derived:etf_holding+company_master+PREF01N001
005283,부산은행2025-08이1.5A-27,,,,,,derived:etf_holding+company_master+PREF01N001
005290,동진쎄미켐,stock,00118804,,,stock_code_exact,derived:etf_holding+company_master+PREF01N001
005300,롯데칠성,stock,00120571,,,stock_code_exact,derived:etf_holding+company_master+PREF01N001
005360,모나미,stock,00121288,,,stock_code_exact,derived:etf_holding+company_master+PREF01N001
005380,현대차,stock,00164742,,,stock_code_exact,derived:etf_holding+company_master+PREF01N001
005381,현대차우,stock_pref,00164742,005380,,pref_suffix_to_common,derived:etf_holding+company_master+PREF01N001
005382,현대차2우B,stock_pref,00164742,005380,,pref_suffix_to_common,derived:etf_holding+company_master+PREF01N001
005385,현대차우,stock_pref,00164742,005380,,pref_suffix_to_common,derived:etf_holding+company_master+PREF01N001
005387,현대차2우B,stock_pref,00164742,005380,,pref_suffix_to_common,derived:etf_holding+company_master+PREF01N001
005420,코스모화학,stock,00160302,,,stock_code_exact,derived:etf_holding+company_master+PREF01N001
005430,한국공항,stock,00156691,,,stock_code_exact,derived:etf_holding+company_master+PREF01N001
005440,현대지에프홀딩스,stock,00105280,,,stock_code_exact,derived:etf_holding+company_master+PREF01N001
005490,POSCO홀딩스,stock,00155319,,,stock_code_exact,derived:etf_holding+company_master+PREF01N001
005500,삼진제약,stock,00128412,,,stock_code_exact,derived:etf_holding+company_master+PREF01N001
005610,삼립,stock,00125530,,,stock_code_exact,derived:etf_holding+company_master+PREF01N001
005680,삼영전자,stock,00127200,,,stock_code_exact,derived:etf_holding+company_master+PREF01N001
005690,파미셀,stock,00145163,,,stock_code_exact,derived:etf_holding+company_master+PREF01N001
005720,넥센,stock,00167192,,,stock_code_exact,derived:etf_holding+company_master+PREF01N001
005740,크라운해태홀딩스,stock,00153126,,,stock_code_exact,derived:etf_holding+company_master+PREF01N001
005750,대림바스,stock,00109754,,,stock_code_exact,derived:etf_holding+company_master+PREF01N001
005800,신영와코루,stock,00136624,,,stock_code_exact,derived:etf_holding+company_master+PREF01N001
005810,풍산홀딩스,stock,00155531,,,stock_code_exact,derived:etf_holding+company_master+PREF01N001
005820,원림,stock,00143794,,,stock_code_exact,derived:etf_holding+company_master+PREF01N001
005830,DB손해보험,stock,00159102,,,stock_code_exact,derived:etf_holding+company_master+PREF01N001
005850,에스엘,stock,00125521,,,stock_code_exact,derived:etf_holding+company_master+PREF01N001
005870,휴니드,stock,00111421,,,stock_code_exact,derived:etf_holding+company_master+PREF01N001
005880,대한해운,stock,00113535,,,stock_code_exact,derived:etf_holding+company_master+PREF01N001
005930,삼성전자,stock,00126380,,,stock_code_exact,derived:etf_holding+company_master+PREF01N001
005931,삼성전자우,stock_pref,00126380,005930,,pref_suffix_to_common,derived:etf_holding+company_master+PREF01N001
005935,삼성전자우,stock_pref,00126380,005930,,pref_suffix_to_common,derived:etf_holding+company_master+PREF01N001
005940,NH투자증권,stock,00120182,,,stock_code_exact,derived:etf_holding+company_master+PREF01N001
005941,엔에이치투자74-1,,,,,,derived:etf_holding+company_master+PREF01N001
005945,NH투자증권우,stock_pref,00120182,005940,,pref_suffix_to_common,derived:etf_holding+company_master+PREF01N001
005950,이수화학,stock,00145552,,,stock_code_exact,derived:etf_holding+company_master+PREF01N001
005960,동부건설,stock,00115612,,,stock_code_exact,derived:etf_holding+company_master+PREF01N001
006040,동원산업,stock,00118026,,,stock_code_exact,derived:etf_holding+company_master+PREF01N001
006060,화승인더,stock,00166227,,,stock_code_exact,derived:etf_holding+company_master+PREF01N001
006090,사조오양,stock,00141875,,,stock_code_exact,derived:etf_holding+company_master+PREF01N001
006110,삼아알미늄,stock,00126779,,,stock_code_exact,derived:etf_holding+company_master+PREF01N001
006120,SK디스커버리,stock,00131832,,,stock_code_exact,derived:etf_holding+company_master+PREF01N001
006200,한국전자홀딩스,stock,00159254,,,stock_code_exact,derived:etf_holding+company_master+PREF01N001
006220,제주은행,stock,00148832,,,stock_code_exact,derived:etf_holding+company_master+PREF01N001
006260,LS,stock,00105952,,,stock_code_exact,derived:etf_holding+company_master+PREF01N001
006280,녹십자,stock,00129679,,,stock_code_exact,derived:etf_holding+company_master+PREF01N001
006340,대원전선,stock,00260392,,,stock_code_exact,derived:etf_holding+company_master+PREF01N001
006360,GS건설,stock,00120030,,,stock_code_exact,derived:etf_holding+company_master+PREF01N001
006370,대구백화점,stock,00108977,,,stock_code_exact,derived:etf_holding+company_master+PREF01N001
006400,삼성SDI,stock,00126362,,,stock_code_exact,derived:etf_holding+company_master+PREF01N001
006405,삼성SDI우,stock_pref,00126362,006400,,pref_suffix_to_common,derived:etf_holding+company_master+PREF01N001
006570,대림통상,stock,00109824,,,stock_code_exact,derived:etf_holding+company_master+PREF01N001
006650,대한유화,stock,00260383,,,stock_code_exact,derived:etf_holding+company_master+PREF01N001
006660,삼성공조,stock,00126201,,,stock_code_exact,derived:etf_holding+company_master+PREF01N001
006730,서부T&D,stock,00130383,,,stock_code_exact,derived:etf_holding+company_master+PREF01N001
006740,블루산업개발,stock,00141404,,,stock_code_exact,derived:etf_holding+company_master+PREF01N001
006800,미래에셋증권,stock,00111722,,,stock_code_exact,derived:etf_holding+company_master+PREF01N001
006801,미래에셋증권72,,,,,,derived:etf_holding+company_master+PREF01N001
006802,미래에셋증권69-2,,,,,,derived:etf_holding+company_master+PREF01N001
006840,AK홀딩스,stock,00125080,,,stock_code_exact,derived:etf_holding+company_master+PREF01N001
006880,신송홀딩스,stock,00136402,,,stock_code_exact,derived:etf_holding+company_master+PREF01N001
006890,태경케미컬,stock,00109161,,,stock_code_exact,derived:etf_holding+company_master+PREF01N001
006910,보성파워텍,stock,00267881,,,stock_code_exact,derived:etf_holding+company_master+PREF01N001
006980,우성,stock,00142661,,,stock_code_exact,derived:etf_holding+company_master+PREF01N001
007070,GS리테일,stock,00140177,,,stock_code_exact,derived:etf_holding+company_master+PREF01N001
007071,지에스리테일36-1,,,,,,derived:etf_holding+company_master+PREF01N001
007110,일신석재,stock,00146296,,,stock_code_exact,derived:etf_holding+company_master+PREF01N001
007120,미래아이앤지,stock,00104786,,,stock_code_exact,derived:etf_holding+company_master+PREF01N001
007160,사조산업,stock,00124799,,,stock_code_exact,derived:etf_holding+company_master+PREF01N001
007210,벽산,stock,00122898,,,stock_code_exact,derived:etf_holding+company_master+PREF01N001
007280,한국특강,stock,00124090,,,stock_code_exact,derived:etf_holding+company_master+PREF01N001
007310,오뚜기,stock,00141529,,,stock_code_exact,derived:etf_holding+company_master+PREF01N001
007340,DN오토모티브,stock,00116949,,,stock_code_exact,derived:etf_holding+company_master+PREF01N001
007390,네이처셀,stock,00117276,,,stock_code_exact,derived:etf_holding+company_master+PREF01N001
007460,에이프로젠,stock,00152385,,,stock_code_exact,derived:etf_holding+company_master+PREF01N001
007540,샘표,stock,00130091,,,stock_code_exact,derived:etf_holding+company_master+PREF01N001
007570,일양약품,stock,00146454,,,stock_code_exact,derived:etf_holding+company_master+PREF01N001
007590,동방아그로,stock,00115384,,,stock_code_exact,derived:etf_holding+company_master+PREF01N001
007610,선도전기,stock,00131939,,,stock_code_exact,derived:etf_holding+company_master+PREF01N001
007660,이수페타시스,stock,00107613,,,stock_code_exact,derived:etf_holding+company_master+PREF01N001
007690,국도화학,stock,00104388,,,stock_code_exact,derived:etf_holding+company_master+PREF01N001
007700,F&F홀딩스,stock,00126487,,,stock_code_exact,derived:etf_holding+company_master+PREF01N001
007810,코리아써키트,stock,00152686,,,stock_code_exact,derived:etf_holding+company_master+PREF01N001
007860,서연,stock,00163114,,,stock_code_exact,derived:etf_holding+company_master+PREF01N001
007980,TP,stock,00154329,,,stock_code_exact,derived:etf_holding+company_master+PREF01N001
008040,사조동아원,stock,00137252,,,stock_code_exact,derived:etf_holding+company_master+PREF01N001
008060,대덕,stock,00109189,,,stock_code_exact,derived:etf_holding+company_master+PREF01N001
008250,이건산업,stock,00145446,,,stock_code_exact,derived:etf_holding+company_master+PREF01N001
008260,NI스틸,stock,00116301,,,stock_code_exact,derived:etf_holding+company_master+PREF01N001
008273,산은캐피탈725-2,,,,,,derived:etf_holding+company_master+PREF01N001
008276,산은캐피탈786-2,,,,,,derived:etf_holding+company_master+PREF01N001
008350,남선알미늄,stock,00107224,,,stock_code_exact,derived:etf_holding+company_master+PREF01N001
008420,문배철강,stock,00121570,,,stock_code_exact,derived:etf_holding+company_master+PREF01N001
008490,서흥,stock,00131692,,,stock_code_exact,derived:etf_holding+company_master+PREF01N001
008561,메리츠증권2506-1,,,,,,derived:etf_holding+company_master+PREF01N001
008562,메리츠증권2411-2,,,,,,derived:etf_holding+company_master+PREF01N001
008563,메리츠증권2510-3,,,,,,derived:etf_holding+company_master+PREF01N001
008700,아남전자,stock,00138516,,,stock_code_exact,derived:etf_holding+company_master+PREF01N001
008730,율촌화학,stock,00145260,,,stock_code_exact,derived:etf_holding+company_master+PREF01N001
008770,호텔신라,stock,00165680,,,stock_code_exact,derived:etf_holding+company_master+PREF01N001
008870,금비,stock,00168401,,,stock_code_exact,derived:etf_holding+company_master+PREF01N001
008930,한미사이언스,stock,00161426,,,stock_code_exact,derived:etf_holding+company_master+PREF01N001
008970,KBI동양철관,stock,00117629,,,stock_code_exact,derived:etf_holding+company_master+PREF01N001
009070,KCTC,stock,00103042,,,stock_code_exact,derived:etf_holding+company_master+PREF01N001
009140,경인전자,stock,00102140,,,stock_code_exact,derived:etf_holding+company_master+PREF01N001
009150,삼성전기,stock,00126371,,,stock_code_exact,derived:etf_holding+company_master+PREF01N001
009155,삼성전기우,stock_pref,00126371,009150,,pref_suffix_to_common,derived:etf_holding+company_master+PREF01N001
009160,SIMPAC,stock,00138260,,,stock_code_exact,derived:etf_holding+company_master+PREF01N001
009180,한솔로지스틱스,stock,00140946,,,stock_code_exact,derived:etf_holding+company_master+PREF01N001
009190,대양금속,stock,00111111,,,stock_code_exact,derived:etf_holding+company_master+PREF01N001
009200,무림페이퍼,stock,00136086,,,stock_code_exact,derived:etf_holding+company_master+PREF01N001
009240,한샘,stock,00161693,,,stock_code_exact,derived:etf_holding+company_master+PREF01N001
009270,신원,stock,00136864,,,stock_code_exact,derived:etf_holding+company_master+PREF01N001
009290,광동제약,stock,00103592,,,stock_code_exact,derived:etf_holding+company_master+PREF01N001
009310,참엔지니어링,stock,00153621,,,stock_code_exact,derived:etf_holding+company_master+PREF01N001
009320,아진전자부품,stock,00111689,,,stock_code_exact,derived:etf_holding+company_master+PREF01N001
009410,태영건설,stock,00153861,,,stock_code_exact,derived:etf_holding+company_master+PREF01N001
009420,한올바이오파마,stock,00162586,,,stock_code_exact,derived:etf_holding+company_master+PREF01N001
009440,KC그린홀딩스,stock,00159971,,,stock_code_exact,derived:etf_holding+company_master+PREF01N001
009450,경동나비엔,stock,00101488,,,stock_code_exact,derived:etf_holding+company_master+PREF01N001
009460,한창제지,stock,00163761,,,stock_code_exact,derived:etf_holding+company_master+PREF01N001
009470,삼화전기,stock,00129271,,,stock_code_exact,derived:etf_holding+company_master+PREF01N001
009520,포스코엠텍,stock,00128111,,,stock_code_exact,derived:etf_holding+company_master+PREF01N001
009540,HD한국조선해양,stock,00164830,,,stock_code_exact,derived:etf_holding+company_master+PREF01N001
009580,무림P&P,stock,00119007,,,stock_code_exact,derived:etf_holding+company_master+PREF01N001
009680,모토닉,stock,00151128,,,stock_code_exact,derived:etf_holding+company_master+PREF01N001
009770,삼정펄프,stock,00128227,,,stock_code_exact,derived:etf_holding+company_master+PREF01N001
009830,한화솔루션,stock,00162461,,,stock_code_exact,derived:etf_holding+company_master+PREF01N001
009900,명신산업,stock,00173078,,,stock_code_exact,derived:etf_holding+company_master+PREF01N001
009970,영원무역홀딩스,stock,00140964,,,stock_code_exact,derived:etf_holding+company_master+PREF01N001
010010,원화현금,,,,,,derived:etf_holding+company_master+PREF01N001
010040,한국내화,stock,00160205,,,stock_code_exact,derived:etf_holding+company_master+PREF01N001
010060,OCI홀딩스,stock,00148896,,,stock_code_exact,derived:etf_holding+company_master+PREF01N001
010100,한국무브넥스,stock,00160418,,,stock_code_exact,derived:etf_holding+company_master+PREF01N001
010120,LS ELECTRIC,stock,00105855,,,stock_code_exact,derived:etf_holding+company_master+PREF01N001
010130,고려아연,stock,00102858,,,stock_code_exact,derived:etf_holding+company_master+PREF01N001
010140,삼성중공업,stock,00126478,,,stock_code_exact,derived:etf_holding+company_master+PREF01N001
010170,대한광통신,stock,00113261,,,stock_code_exact,derived:etf_holding+company_master+PREF01N001
010400,우진아이엔에스,stock,00143262,,,stock_code_exact,derived:etf_holding+company_master+PREF01N001
010580,에스엠벡셀,stock,00147860,,,stock_code_exact,derived:etf_holding+company_master+PREF01N001
010640,진양폴리,stock,00160375,,,stock_code_exact,derived:etf_holding+company_master+PREF01N001
010660,화천기계,stock,00166500,,,stock_code_exact,derived:etf_holding+company_master+PREF01N001
010690,화신,stock,00166315,,,stock_code_exact,derived:etf_holding+company_master+PREF01N001
010770,평화홀딩스,stock,00155124,,,stock_code_exact,derived:etf_holding+company_master+PREF01N001
010780,아이에스동서,stock,00115977,,,stock_code_exact,derived:etf_holding+company_master+PREF01N001
010820,퍼스텍,stock,00148522,,,stock_code_exact,derived:etf_holding+company_master+PREF01N001
010950,S-Oil,stock,00138279,,,stock_code_exact,derived:etf_holding+company_master+PREF01N001
010955,S-Oil우,stock_pref,00138279,010950,,pref_suffix_to_common,derived:etf_holding+company_master+PREF01N001
010960,삼호개발,stock,00128980,,,stock_code_exact,derived:etf_holding+company_master+PREF01N001
011070,LG이노텍,stock,00105961,,,stock_code_exact,derived:etf_holding+company_master+PREF01N001
011090,에넥스,stock,00139764,,,stock_code_exact,derived:etf_holding+company_master+PREF01N001
011150,CJ씨푸드,stock,00129013,,,stock_code_exact,derived:etf_holding+company_master+PREF01N001
011170,롯데케미칼,stock,00165413,,,stock_code_exact,derived:etf_holding+company_master+PREF01N001
011200,HMM,stock,00164645,,,stock_code_exact,derived:etf_holding+company_master+PREF01N001
011210,현대위아,stock,00106623,,,stock_code_exact,derived:etf_holding+company_master+PREF01N001
011230,삼화전자,stock,00129280,,,stock_code_exact,derived:etf_holding+company_master+PREF01N001
011280,태림포장,stock,00153524,,,stock_code_exact,derived:etf_holding+company_master+PREF01N001
011330,유니켐,stock,00137207,,,stock_code_exact,derived:etf_holding+company_master+PREF01N001
011390,부산산업,stock,00124027,,,stock_code_exact,derived:etf_holding+company_master+PREF01N001
011420,갤럭시아에스엠,stock,00129554,,,stock_code_exact,derived:etf_holding+company_master+PREF01N001
011500,한농화성,stock,00160861,,,stock_code_exact,derived:etf_holding+company_master+PREF01N001
011690,와이투솔루션,stock,00144720,,,stock_code_exact,derived:etf_holding+company_master+PREF01N001
011700,한신기계,stock,00162072,,,stock_code_exact,derived:etf_holding+company_master+PREF01N001
011760,현대코퍼레이션,stock,00164812,,,stock_code_exact,derived:etf_holding+company_master+PREF01N001
011780,금호석유화학,stock,00106368,,,stock_code_exact,derived:etf_holding+company_master+PREF01N001
011785,금호석유화학우,stock_pref,00106368,011780,,pref_suffix_to_common,derived:etf_holding+company_master+PREF01N001
011790,SKC,stock,00139889,,,stock_code_exact,derived:etf_holding+company_master+PREF01N001
011810,STX,stock,00138297,,,stock_code_exact,derived:etf_holding+company_master+PREF01N001
011930,신성이엔지,stock,00136271,,,stock_code_exact,derived:etf_holding+company_master+PREF01N001
012030,DB,stock,00163345,,,stock_code_exact,derived:etf_holding+company_master+PREF01N001
012160,영흥,stock,00141477,,,stock_code_exact,derived:etf_holding+company_master+PREF01N001
012200,계양전기,stock,00102618,,,stock_code_exact,derived:etf_holding+company_master+PREF01N001
012280,영화금속,stock,00141413,,,stock_code_exact,derived:etf_holding+company_master+PREF01N001
012320,경동인베스트,stock,00143527,,,stock_code_exact,derived:etf_holding+company_master+PREF01N001
012330,현대모비스,stock,00164788,,,stock_code_exact,derived:etf_holding+company_master+PREF01N001
012450,한화에어로스페이스,stock,00126566,,,stock_code_exact,derived:etf_holding+company_master+PREF01N001
012610,경인양행,stock,00102113,,,stock_code_exact,derived:etf_holding+company_master+PREF01N001
012630,HDC,stock,00164636,,,stock_code_exact,derived:etf_holding+company_master+PREF01N001
012690,모나리자,stock,00173102,,,stock_code_exact,derived:etf_holding+company_master+PREF01N001
012750,에스원,stock,00158501,,,stock_code_exact,derived:etf_holding+company_master+PREF01N001
012800,대창,stock,00112651,,,stock_code_exact,derived:etf_holding+company_master+PREF01N001
013000,세우글로벌,stock,00134176,,,stock_code_exact,derived:etf_holding+company_master+PREF01N001
013030,하이록코리아,stock,00165060,,,stock_code_exact,derived:etf_holding+company_master+PREF01N001
013360,일성건설,stock,00146232,,,stock_code_exact,derived:etf_holding+company_master+PREF01N001
013520,화승코퍼레이션,stock,00166272,,,stock_code_exact,derived:etf_holding+company_master+PREF01N001
013570,디와이,stock,00117179,,,stock_code_exact,derived:etf_holding+company_master+PREF01N001
013580,계룡건설,stock,00102432,,,stock_code_exact,derived:etf_holding+company_master+PREF01N001
013700,까뮤이앤씨,stock,00129420,,,stock_code_exact,derived:etf_holding+company_master+PREF01N001
013870,지엠비코리아,stock,00156354,,,stock_code_exact,derived:etf_holding+company_master+PREF01N001
013890,지누스,stock,00150633,,,stock_code_exact,derived:etf_holding+company_master+PREF01N001
014130,한익스프레스,stock,00129509,,,stock_code_exact,derived:etf_holding+company_master+PREF01N001
014160,대영포장,stock,00111458,,,stock_code_exact,derived:etf_holding+company_master+PREF01N001
014280,금강공업,stock,00105299,,,stock_code_exact,derived:etf_holding+company_master+PREF01N001
014440,영보화학,stock,00140779,,,stock_code_exact,derived:etf_holding+company_master+PREF01N001
014530,극동유화,stock,00105156,,,stock_code_exact,derived:etf_holding+company_master+PREF01N001
014580,태경비케이,stock,00122481,,,stock_code_exact,derived:etf_holding+company_master+PREF01N001
014620,성광벤드,stock,00132318,,,stock_code_exact,derived:etf_holding+company_master+PREF01N001
014680,한솔케미칼,stock,00140955,,,stock_code_exact,derived:etf_holding+company_master+PREF01N001
014710,사조씨푸드,stock,00124780,,,stock_code_exact,derived:etf_holding+company_master+PREF01N001
014790,HL D&I,stock,00161116,,,stock_code_exact,derived:etf_holding+company_master+PREF01N001
014820,동원시스템즈,stock,00132637,,,stock_code_exact,derived:etf_holding+company_master+PREF01N001
014830,유니드,stock,00159786,,,stock_code_exact,derived:etf_holding+company_master+PREF01N001
014910,성문전자,stock,00132628,,,stock_code_exact,derived:etf_holding+company_master+PREF01N001
014990,인디에프,stock,00106881,,,stock_code_exact,derived:etf_holding+company_master+PREF01N001
015230,대창단조,stock,00112679,,,stock_code_exact,derived:etf_holding+company_master+PREF01N001
015260,에이엔피,stock,00143314,,,stock_code_exact,derived:etf_holding+company_master+PREF01N001
015360,INVENI,stock,00105101,,,stock_code_exact,derived:etf_holding+company_master+PREF01N001
015590,DKME,stock,00108746,,,stock_code_exact,derived:etf_holding+company_master+PREF01N001
015750,성우하이텍,stock,00132992,,,stock_code_exact,derived:etf_holding+company_master+PREF01N001
015760,한국전력,stock,00159193,,,stock_code_exact,derived:etf_holding+company_master+PREF01N001
015860,일진홀딩스,stock,00146649,,,stock_code_exact,derived:etf_holding+company_master+PREF01N001
015890,태경산업,stock,00153339,,,stock_code_exact,derived:etf_holding+company_master+PREF01N001
016090,대현,stock,00113614,,,stock_code_exact,derived:etf_holding+company_master+PREF01N001
016360,삼성증권,stock,00104856,,,stock_code_exact,derived:etf_holding+company_master+PREF01N001
016362,삼성증권16-2,,,,,,derived:etf_holding+company_master+PREF01N001
016380,KG스틸,stock,00115676,,,stock_code_exact,derived:etf_holding+company_master+PREF01N001
016450,한세예스24홀딩스,stock,00161976,,,stock_code_exact,derived:etf_holding+company_master+PREF01N001
016580,환인제약,stock,00166573,,,stock_code_exact,derived:etf_holding+company_master+PREF01N001
016590,신대양제지,stock,00135777,,,stock_code_exact,derived:etf_holding+company_master+PREF01N001
016610,DB증권,stock,00115694,,,stock_code_exact,derived:etf_holding+company_master+PREF01N001
016710,대성홀딩스,stock,00108940,,,stock_code_exact,derived:etf_holding+company_master+PREF01N001
016740,두올,stock,00119672,,,stock_code_exact,derived:etf_holding+company_master+PREF01N001
016790,현대사료,stock,00164618,,,stock_code_exact,derived:etf_holding+company_master+PREF01N001
016800,퍼시스,stock,00161709,,,stock_code_exact,derived:etf_holding+company_master+PREF01N001
016880,웅진,stock,00143651,,,stock_code_exact,derived:etf_holding+company_master+PREF01N001
017040,광명전기,stock,00103662,,,stock_code_exact,derived:etf_holding+company_master+PREF01N001
017180,명문제약,stock,00121039,,,stock_code_exact,derived:etf_holding+company_master+PREF01N001
017370,우신시스템,stock,00142883,,,stock_code_exact,derived:etf_holding+company_master+PREF01N001
017390,서울가스,stock,00130684,,,stock_code_exact,derived:etf_holding+company_master+PREF01N001
017550,수산세보틱스,stock,00135111,,,stock_code_exact,derived:etf_holding+company_master+PREF01N001
017670,SK텔레콤,stock,00159023,,,stock_code_exact,derived:etf_holding+company_master+PREF01N001
017800,현대엘리베이터,stock,00164724,,,stock_code_exact,derived:etf_holding+company_master+PREF01N001
017810,풀무원,stock,00155355,,,stock_code_exact,derived:etf_holding+company_master+PREF01N001
017860,DS단석,stock,00108612,,,stock_code_exact,derived:etf_holding+company_master+PREF01N001
017890,한국알콜,stock,00158565,,,stock_code_exact,derived:etf_holding+company_master+PREF01N001
017900,광전자,stock,00152729,,,stock_code_exact,derived:etf_holding+company_master+PREF01N001
017940,E1,stock,00165583,,,stock_code_exact,derived:etf_holding+company_master+PREF01N001
017960,한국카본,stock,00159795,,,stock_code_exact,derived:etf_holding+company_master+PREF01N001
018000,유니슨,stock,00144243,,,stock_code_exact,derived:etf_holding+company_master+PREF01N001
018250,애경산업,stock,00139454,,,stock_code_exact,derived:etf_holding+company_master+PREF01N001
018260,삼성에스디에스,stock,00126186,,,stock_code_exact,derived:etf_holding+company_master+PREF01N001
018290,브이티,stock,00150165,,,stock_code_exact,derived:etf_holding+company_master+PREF01N001
018470,조일알미늄,stock,00149239,,,stock_code_exact,derived:etf_holding+company_master+PREF01N001
018500,동원금속,stock,00118008,,,stock_code_exact,derived:etf_holding+company_master+PREF01N001
018670,SK가스,stock,00144164,,,stock_code_exact,derived:etf_holding+company_master+PREF01N001
018672,SK가스42-2,,,,,,derived:etf_holding+company_master+PREF01N001
018880,한온시스템,stock,00161125,,,stock_code_exact,derived:etf_holding+company_master+PREF01N001
018882,한온시스템16-2,,,,,,derived:etf_holding+company_master+PREF01N001
019170,신풍제약,stock,00137359,,,stock_code_exact,derived:etf_holding+company_master+PREF01N001
019180,티에이치엔,stock,00118965,,,stock_code_exact,derived:etf_holding+company_master+PREF01N001
019451,아이비케이캐피탈347-1,,,,,,derived:etf_holding+company_master+PREF01N001
019452,아이비케이캐피탈298-2,,,,,,derived:etf_holding+company_master+PREF01N001
019457,아이비케이캐피탈341-3,,,,,,derived:etf_holding+company_master+PREF01N001
019680,대교,stock,00108913,,,stock_code_exact,derived:etf_holding+company_master+PREF01N001
020000,한섬,stock,00188089,,,stock_code_exact,derived:etf_holding+company_master+PREF01N001
020120,키다리스튜디오,stock,00140131,,,stock_code_exact,derived:etf_holding+company_master+PREF01N001
020150,롯데에너지머티리얼즈,stock,00113997,,,stock_code_exact,derived:etf_holding+company_master+PREF01N001
020560,아시아나항공,stock,00138792,,,stock_code_exact,derived:etf_holding+company_master+PREF01N001
020760,일진디스플,stock,00198697,,,stock_code_exact,derived:etf_holding+company_master+PREF01N001
021050,서원,stock,00131197,,,stock_code_exact,derived:etf_holding+company_master+PREF01N001
021240,코웨이,stock,00170558,,,stock_code_exact,derived:etf_holding+company_master+PREF01N001
021241,코웨이6-1,,,,,,derived:etf_holding+company_master+PREF01N001
021242,코웨이7-2,,,,,,derived:etf_holding+company_master+PREF01N001
021820,세원정공,stock,00134316,,,stock_code_exact,derived:etf_holding+company_master+PREF01N001
021961,케이비캐피탈578-1,,,,,,derived:etf_holding+company_master+PREF01N001
021966,케이비캐피탈574-2,,,,,,derived:etf_holding+company_master+PREF01N001
022100,포스코DX,stock,00155212,,,stock_code_exact,derived:etf_holding+company_master+PREF01N001
023000,삼원강재,stock,00191588,,,stock_code_exact,derived:etf_holding+company_master+PREF01N001
023150,MH에탄올,stock,00121534,,,stock_code_exact,derived:etf_holding+company_master+PREF01N001
023160,태광,stock,00153375,,,stock_code_exact,derived:etf_holding+company_master+PREF01N001
023350,한국종합기술,stock,00159500,,,stock_code_exact,derived:etf_holding+company_master+PREF01N001
023410,유진기업,stock,00184667,,,stock_code_exact,derived:etf_holding+company_master+PREF01N001
023450,동남합성,stock,00115065,,,stock_code_exact,derived:etf_holding+company_master+PREF01N001
023530,롯데쇼핑,stock,00120526,,,stock_code_exact,derived:etf_holding+company_master+PREF01N001
023532,롯데쇼핑106-2,,,,,,derived:etf_holding+company_master+PREF01N001
023590,다우기술,stock,00176914,,,stock_code_exact,derived:etf_holding+company_master+PREF01N001
023800,인지컨트롤스,stock,00103510,,,stock_code_exact,derived:etf_holding+company_master+PREF01N001
023810,인팩,stock,00180795,,,stock_code_exact,derived:etf_holding+company_master+PREF01N001
023960,에쓰씨엔지니어링,stock,00121969,,,stock_code_exact,derived:etf_holding+company_master+PREF01N001
024070,WISCOM,stock,00142865,,,stock_code_exact,derived:etf_holding+company_master+PREF01N001
024090,디씨엠,stock,00177199,,,stock_code_exact,derived:etf_holding+company_master+PREF01N001
024110,기업은행,stock,00149646,,,stock_code_exact,derived:etf_holding+company_master+PREF01N001
024720,콜마홀딩스,stock,00203290,,,stock_code_exact,derived:etf_holding+company_master+PREF01N001
024850,HLB이노베이션,stock,00155586,,,stock_code_exact,derived:etf_holding+company_master+PREF01N001
024890,대원화성,stock,00112022,,,stock_code_exact,derived:etf_holding+company_master+PREF01N001
024900,디와이덕양,stock,00114154,,,stock_code_exact,derived:etf_holding+company_master+PREF01N001
025000,KPX케미칼,stock,00191472,,,stock_code_exact,derived:etf_holding+company_master+PREF01N001
025320,시노펙스,stock,00203023,,,stock_code_exact,derived:etf_holding+company_master+PREF01N001
025530,SJM홀딩스,stock,00181943,,,stock_code_exact,derived:etf_holding+company_master+PREF01N001
025540,한국단자,stock,00157070,,,stock_code_exact,derived:etf_holding+company_master+PREF01N001
025620,차AI헬스케어,stock,00136776,,,stock_code_exact,derived:etf_holding+company_master+PREF01N001
025750,한솔홈데코,stock,00203582,,,stock_code_exact,derived:etf_holding+company_master+PREF01N001
025820,이구산업,stock,00145464,,,stock_code_exact,derived:etf_holding+company_master+PREF01N001
025860,남해화학,stock,00107987,,,stock_code_exact,derived:etf_holding+company_master+PREF01N001
025890,한국주강,stock,00159564,,,stock_code_exact,derived:etf_holding+company_master+PREF01N001
025900,동화기업,stock,00173032,,,stock_code_exact,derived:etf_holding+company_master+PREF01N001
025980,아난티,stock,00161781,,,stock_code_exact,derived:etf_holding+company_master+PREF01N001
026890,스틱인베스트먼트,stock,00117498,,,stock_code_exact,derived:etf_holding+company_master+PREF01N001
026940,부국철강,stock,00123781,,,stock_code_exact,derived:etf_holding+company_master+PREF01N001
026960,동서,stock,00144395,,,stock_code_exact,derived:etf_holding+company_master+PREF01N001
027360,아주IB투자,stock,00156895,,,stock_code_exact,derived:etf_holding+company_master+PREF01N001
027410,BGF,stock,00219097,,,stock_code_exact,derived:etf_holding+company_master+PREF01N001
027740,마니커,stock,00204208,,,stock_code_exact,derived:etf_holding+company_master+PREF01N001
027970,한국제지,stock,00133706,,,stock_code_exact,derived:etf_holding+company_master+PREF01N001
028050,삼성E&A,stock,00126308,,,stock_code_exact,derived:etf_holding+company_master+PREF01N001
028100,동아지질,stock,00178754,,,stock_code_exact,derived:etf_holding+company_master+PREF01N001
028260,삼성물산,stock,00149655,,,stock_code_exact,derived:etf_holding+company_master+PREF01N001
028300,HLB,stock,00199252,,,stock_code_exact,derived:etf_holding+company_master+PREF01N001
028670,팬오션,stock,00122737,,,stock_code_exact,derived:etf_holding+company_master+PREF01N001
029460,케이씨,stock,00209780,,,stock_code_exact,derived:etf_holding+company_master+PREF01N001
029530,신도리코,stock,00135795,,,stock_code_exact,derived:etf_holding+company_master+PREF01N001
029780,삼성카드,stock,00126292,,,stock_code_exact,derived:etf_holding+company_master+PREF01N001
029782,삼성카드2847,,,,,,derived:etf_holding+company_master+PREF01N001
029884,현대캐피탈1986-4(연),,,,,,derived:etf_holding+company_master+PREF01N001
029885,현대캐피탈2020-5,,,,,,derived:etf_holding+company_master+PREF01N001
029886,현대캐피탈1979-4,,,,,,derived:etf_holding+company_master+PREF01N001
030000,제일기획,stock,00148276,,,stock_code_exact,derived:etf_holding+company_master+PREF01N001
030190,NICE평가정보,stock,00158325,,,stock_code_exact,derived:etf_holding+company_master+PREF01N001
030200,KT,stock,00190321,,,stock_code_exact,derived:etf_holding+company_master+PREF01N001
030201,KT183-3,,,,,,derived:etf_holding+company_master+PREF01N001
030210,다올투자증권,stock,00156859,,,stock_code_exact,derived:etf_holding+company_master+PREF01N001
030520,한글과컴퓨터,stock,00204262,,,stock_code_exact,derived:etf_holding+company_master+PREF01N001
030530,원익홀딩스,stock,00216647,,,stock_code_exact,derived:etf_holding+company_master+PREF01N001
030610,교보증권,stock,00113359,,,stock_code_exact,derived:etf_holding+company_master+PREF01N001
030612,교보증권11-2,,,,,,derived:etf_holding+company_master+PREF01N001
030622,롯데카드584-2,,,,,,derived:etf_holding+company_master+PREF01N001
030623,롯데카드539-3,,,,,,derived:etf_holding+company_master+PREF01N001
030624,롯데카드567-4,,,,,,derived:etf_holding+company_master+PREF01N001
030626,롯데카드520-1,,,,,,derived:etf_holding+company_master+PREF01N001
030720,동원수산,stock,00118044,,,stock_code_exact,derived:etf_holding+company_master+PREF01N001
031210,서울보증보험,stock,00112998,,,stock_code_exact,derived:etf_holding+company_master+PREF01N001
031330,에스에이엠티,stock,00128661,,,stock_code_exact,derived:etf_holding+company_master+PREF01N001
031430,신세계인터내셔날,stock,00234412,,,stock_code_exact,derived:etf_holding+company_master+PREF01N001
031440,신세계푸드,stock,00274933,,,stock_code_exact,derived:etf_holding+company_master+PREF01N001
031820,아이티센씨티에스,stock,00186559,,,stock_code_exact,derived:etf_holding+company_master+PREF01N001
031980,피에스케이홀딩스,stock,00208444,,,stock_code_exact,derived:etf_holding+company_master+PREF01N001
032190,다우데이타,stock,00238782,,,stock_code_exact,derived:etf_holding+company_master+PREF01N001
032350,롯데관광개발,stock,00231372,,,stock_code_exact,derived:etf_holding+company_master+PREF01N001
032500,케이엠더블유,stock,00226352,,,stock_code_exact,derived:etf_holding+company_master+PREF01N001
032560,황금에스티,stock,00218575,,,stock_code_exact,derived:etf_holding+company_master+PREF01N001
032640,LG유플러스,stock,00231363,,,stock_code_exact,derived:etf_holding+company_master+PREF01N001
032712,신한카드2057-2,,,,,,derived:etf_holding+company_master+PREF01N001
032820,우리기술,stock,00231044,,,stock_code_exact,derived:etf_holding+company_master+PREF01N001
032830,삼성생명,stock,00126256,,,stock_code_exact,derived:etf_holding+company_master+PREF01N001
033100,제룡전기,stock,00185356,,,stock_code_exact,derived:etf_holding+company_master+PREF01N001
033160,엠케이전자,stock,00121686,,,stock_code_exact,derived:etf_holding+company_master+PREF01N001
033240,자화전자,stock,00146861,,,stock_code_exact,derived:etf_holding+company_master+PREF01N001
033250,체시스,stock,00125576,,,stock_code_exact,derived:etf_holding+company_master+PREF01N001
033270,유나이티드제약,stock,00158963,,,stock_code_exact,derived:etf_holding+company_master+PREF01N001
033500,동성화인텍,stock,00231105,,,stock_code_exact,derived:etf_holding+company_master+PREF01N001
033530,SJG세종,stock,00134510,,,stock_code_exact,derived:etf_holding+company_master+PREF01N001
033631,SK브로드밴드58-1,,,,,,derived:etf_holding+company_master+PREF01N001
033640,네패스,stock,00227333,,,stock_code_exact,derived:etf_holding+company_master+PREF01N001
033662,우리금융캐피탈530-2,,,,,,derived:etf_holding+company_master+PREF01N001
033780,KT&G,stock,00244455,,,stock_code_exact,derived:etf_holding+company_master+PREF01N001
033920,무학,stock,00121543,,,stock_code_exact,derived:etf_holding+company_master+PREF01N001
034020,두산에너빌리티,stock,00159616,,,stock_code_exact,derived:etf_holding+company_master+PREF01N001
034120,SBS,stock,00130772,,,stock_code_exact,derived:etf_holding+company_master+PREF01N001
034220,LG디스플레이,stock,00105873,,,stock_code_exact,derived:etf_holding+company_master+PREF01N001
034230,파라다이스,stock,00171265,,,stock_code_exact,derived:etf_holding+company_master+PREF01N001
034310,NICE,stock,00158316,,,stock_code_exact,derived:etf_holding+company_master+PREF01N001
034590,인천도시가스,stock,00145862,,,stock_code_exact,derived:etf_holding+company_master+PREF01N001
034730,SK,stock,00181712,,,stock_code_exact,derived:etf_holding+company_master+PREF01N001
034731,SK317-1,,,,,,derived:etf_holding+company_master+PREF01N001
034732,SK316-2,,,,,,derived:etf_holding+company_master+PREF01N001
034830,한국토지신탁,stock,00233653,,,stock_code_exact,derived:etf_holding+company_master+PREF01N001
035000,HS애드,stock,00140168,,,stock_code_exact,derived:etf_holding+company_master+PREF01N001
035037,국고0525-2703,,,,,,derived:etf_holding+company_master+PREF01N001
035080,그래디언트,stock,00244561,,,stock_code_exact,derived:etf_holding+company_master+PREF01N001
035150,백산,stock,00122551,,,stock_code_exact,derived:etf_holding+company_master+PREF01N001
035250,강원랜드,stock,00255619,,,stock_code_exact,derived:etf_holding+company_master+PREF01N001
035420,NAVER,stock,00266961,,,stock_code_exact,derived:etf_holding+company_master+PREF01N001
035421,네이버5-1,,,,,,derived:etf_holding+company_master+PREF01N001
035510,신세계 I&C,stock,00219486,,,stock_code_exact,derived:etf_holding+company_master+PREF01N001
035720,카카오,stock,00258801,,,stock_code_exact,derived:etf_holding+company_master+PREF01N001
035760,CJ ENM,stock,00265324,,,stock_code_exact,derived:etf_holding+company_master+PREF01N001
035890,서희건설,stock,00219848,,,stock_code_exact,derived:etf_holding+company_master+PREF01N001
035900,JYP Ent.,stock,00258689,,,stock_code_exact,derived:etf_holding+company_master+PREF01N001
036190,금화피에스시,stock,00176516,,,stock_code_exact,derived:etf_holding+company_master+PREF01N001
036200,유니셈,stock,00260569,,,stock_code_exact,derived:etf_holding+company_master+PREF01N001
036420,콘텐트리중앙,stock,00203315,,,stock_code_exact,derived:etf_holding+company_master+PREF01N001
036460,한국가스공사,stock,00261285,,,stock_code_exact,derived:etf_holding+company_master+PREF01N001
036530,SNT홀딩스,stock,00225159,,,stock_code_exact,derived:etf_holding+company_master+PREF01N001
036540,SFA반도체,stock,00301246,,,stock_code_exact,derived:etf_holding+company_master+PREF01N001
036570,NC,stock,00261443,,,stock_code_exact,derived:etf_holding+company_master+PREF01N001
036580,팜스코,stock,00260408,,,stock_code_exact,derived:etf_holding+company_master+PREF01N001
036620,감성코퍼레이션,stock,00261009,,,stock_code_exact,derived:etf_holding+company_master+PREF01N001
036800,나이스정보통신,stock,00264945,,,stock_code_exact,derived:etf_holding+company_master+PREF01N001
036810,에프에스티,stock,00223434,,,stock_code_exact,derived:etf_holding+company_master+PREF01N001
036830,솔브레인홀딩스,stock,00247975,,,stock_code_exact,derived:etf_holding+company_master+PREF01N001
036890,진성티이씨,stock,00174208,,,stock_code_exact,derived:etf_holding+company_master+PREF01N001
036930,주성엔지니어링,stock,00252135,,,stock_code_exact,derived:etf_holding+company_master+PREF01N001
037270,YG PLUS,stock,00249247,,,stock_code_exact,derived:etf_holding+company_master+PREF01N001
037460,삼지전자,stock,00128315,,,stock_code_exact,derived:etf_holding+company_master+PREF01N001
037560,LG헬로비전,stock,00222532,,,stock_code_exact,derived:etf_holding+company_master+PREF01N001
037710,광주신세계,stock,00220561,,,stock_code_exact,derived:etf_holding+company_master+PREF01N001
038390,레드캡투어,stock,00261355,,,stock_code_exact,derived:etf_holding+company_master+PREF01N001
038500,삼표시멘트,stock,00239639,,,stock_code_exact,derived:etf_holding+company_master+PREF01N001
039030,이오테크닉스,stock,00246417,,,stock_code_exact,derived:etf_holding+company_master+PREF01N001
039091,현대트랜시스48-1,,,,,,derived:etf_holding+company_master+PREF01N001
039130,하나투어,stock,00269940,,,stock_code_exact,derived:etf_holding+company_master+PREF01N001
039200,오스코텍,stock,00263654,,,stock_code_exact,derived:etf_holding+company_master+PREF01N001
039440,에스티아이,stock,00298340,,,stock_code_exact,derived:etf_holding+company_master+PREF01N001
039490,키움증권,stock,00296290,,,stock_code_exact,derived:etf_holding+company_master+PREF01N001
039492,키움증권20-2,,,,,,derived:etf_holding+company_master+PREF01N001
039570,HDC랩스,stock,00350312,,,stock_code_exact,derived:etf_holding+company_master+PREF01N001
039840,디오,stock,00115931,,,stock_code_exact,derived:etf_holding+company_master+PREF01N001
039860,나노엔텍,stock,00230425,,,stock_code_exact,derived:etf_holding+company_master+PREF01N001
040200,금 현물 99.99_1Kg,,,,,,derived:etf_holding+company_master+PREF01N001
041020,폴라리스오피스,stock,00269852,,,stock_code_exact,derived:etf_holding+company_master+PREF01N001
041190,우리기술투자,stock,00231664,,,stock_code_exact,derived:etf_holding+company_master+PREF01N001
041510,에스엠,stock,00260930,,,stock_code_exact,derived:etf_holding+company_master+PREF01N001
041650,상신브레이크,stock,00129642,,,stock_code_exact,derived:etf_holding+company_master+PREF01N001
041830,인바디,stock,00269922,,,stock_code_exact,derived:etf_holding+company_master+PREF01N001
041920,메디아나,stock,00273439,,,stock_code_exact,derived:etf_holding+company_master+PREF01N001
041960,코미팜,stock,00187415,,,stock_code_exact,derived:etf_holding+company_master+PREF01N001
042000,카페24,stock,00260879,,,stock_code_exact,derived:etf_holding+company_master+PREF01N001
042520,한스바이오메드,stock,00349060,,,stock_code_exact,derived:etf_holding+company_master+PREF01N001
042660,한화오션,stock,00111704,,,stock_code_exact,derived:etf_holding+company_master+PREF01N001
042700,한미반도체,stock,00161383,,,stock_code_exact,derived:etf_holding+company_master+PREF01N001
043150,바텍,stock,00264255,,,stock_code_exact,derived:etf_holding+company_master+PREF01N001
043260,성호전자,stock,00317210,,,stock_code_exact,derived:etf_holding+company_master+PREF01N001
044011,경기도2026-2,,,,,,derived:etf_holding+company_master+PREF01N001
044022,경기지역개발22-10,,,,,,derived:etf_holding+company_master+PREF01N001
044380,주연테크,stock,00269241,,,stock_code_exact,derived:etf_holding+company_master+PREF01N001
044450,KSS해운,stock,00160232,,,stock_code_exact,derived:etf_holding+company_master+PREF01N001
044490,태웅,stock,00186799,,,stock_code_exact,derived:etf_holding+company_master+PREF01N001
044820,코스맥스비티아이,stock,00219574,,,stock_code_exact,derived:etf_holding+company_master+PREF01N001
045100,한양이엔지,stock,00216762,,,stock_code_exact,derived:etf_holding+company_master+PREF01N001
045390,대아티아이,stock,00318316,,,stock_code_exact,derived:etf_holding+company_master+PREF01N001
046890,서울반도체,stock,00130763,,,stock_code_exact,derived:etf_holding+company_master+PREF01N001
047040,대우건설,stock,00124540,,,stock_code_exact,derived:etf_holding+company_master+PREF01N001
047050,포스코인터내셔널,stock,00124504,,,stock_code_exact,derived:etf_holding+company_master+PREF01N001
047310,파워로직스,stock,00269612,,,stock_code_exact,derived:etf_holding+company_master+PREF01N001
047400,유니온머티리얼,stock,00369833,,,stock_code_exact,derived:etf_holding+company_master+PREF01N001
047810,한국항공우주,stock,00309503,,,stock_code_exact,derived:etf_holding+company_master+PREF01N001
047811,한국항공우주산업30-1,,,,,,derived:etf_holding+company_master+PREF01N001
047820,초록뱀미디어,stock,00299464,,,stock_code_exact,derived:etf_holding+company_master+PREF01N001
047920,HLB제약,stock,00336817,,,stock_code_exact,derived:etf_holding+company_master+PREF01N001
048410,현대바이오,stock,00313649,,,stock_code_exact,derived:etf_holding+company_master+PREF01N001
048530,인트론바이오,stock,00292434,,,stock_code_exact,derived:etf_holding+company_master+PREF01N001
048550,SM C&C,stock,00185046,,,stock_code_exact,derived:etf_holding+company_master+PREF01N001
048870,시너지이노베이션,stock,00475985,,,stock_code_exact,derived:etf_holding+company_master+PREF01N001
048910,대원미디어,stock,00351807,,,stock_code_exact,derived:etf_holding+company_master+PREF01N001
049070,인탑스,stock,00226866,,,stock_code_exact,derived:etf_holding+company_master+PREF01N001
049800,우진플라임,stock,00303217,,,stock_code_exact,derived:etf_holding+company_master+PREF01N001
050890,쏠리드,stock,00364403,,,stock_code_exact,derived:etf_holding+company_master+PREF01N001
051370,인터플렉스,stock,00369170,,,stock_code_exact,derived:etf_holding+company_master+PREF01N001
051500,CJ프레시웨이,stock,00127954,,,stock_code_exact,derived:etf_holding+company_master+PREF01N001
051600,한전KPS,stock,00159218,,,stock_code_exact,derived:etf_holding+company_master+PREF01N001
051630,진양화학,stock,00347734,,,stock_code_exact,derived:etf_holding+company_master+PREF01N001
051900,LG생활건강,stock,00356370,,,stock_code_exact,derived:etf_holding+company_master+PREF01N001
051905,LG생활건강우,stock_pref,00356370,051900,,pref_suffix_to_common,derived:etf_holding+company_master+PREF01N001
051910,LG화학,stock,00356361,,,stock_code_exact,derived:etf_holding+company_master+PREF01N001
051911,LG화학58-1,,,,,,derived:etf_holding+company_master+PREF01N001
051913,LG화학57-3,,,,,,derived:etf_holding+company_master+PREF01N001
051915,LG화학우,stock_pref,00356361,051910,,pref_suffix_to_common,derived:etf_holding+company_master+PREF01N001
052400,코나아이,stock,00349732,,,stock_code_exact,derived:etf_holding+company_master+PREF01N001
052690,한전기술,stock,00159209,,,stock_code_exact,derived:etf_holding+company_master+PREF01N001
053030,바이넥스,stock,00216027,,,stock_code_exact,derived:etf_holding+company_master+PREF01N001
053210,스카이라이프,stock,00349097,,,stock_code_exact,derived:etf_holding+company_master+PREF01N001
053610,프로텍,stock,00325112,,,stock_code_exact,derived:etf_holding+company_master+PREF01N001
053690,한미글로벌,stock,00413523,,,stock_code_exact,derived:etf_holding+company_master+PREF01N001
053800,안랩,stock,00298270,,,stock_code_exact,derived:etf_holding+company_master+PREF01N001
054210,이랜텍,stock,00206659,,,stock_code_exact,derived:etf_holding+company_master+PREF01N001
054450,텔레칩스,stock,00423177,,,stock_code_exact,derived:etf_holding+company_master+PREF01N001
054950,제이브이엠,stock,00361381,,,stock_code_exact,derived:etf_holding+company_master+PREF01N001
055490,테이팩스,stock,00256955,,,stock_code_exact,derived:etf_holding+company_master+PREF01N001
055550,신한지주,stock,00382199,,,stock_code_exact,derived:etf_holding+company_master+PREF01N001
056080,유진로봇,stock,00234227,,,stock_code_exact,derived:etf_holding+company_master+PREF01N001
056190,SFA,stock,00358271,,,stock_code_exact,derived:etf_holding+company_master+PREF01N001
058430,포스코스틸리온,stock,00155258,,,stock_code_exact,derived:etf_holding+company_master+PREF01N001
058470,리노공업,stock,00369657,,,stock_code_exact,derived:etf_holding+company_master+PREF01N001
058610,에스피지,stock,00220686,,,stock_code_exact,derived:etf_holding+company_master+PREF01N001
058650,세아홀딩스,stock,00377610,,,stock_code_exact,derived:etf_holding+company_master+PREF01N001
058730,다스코,stock,00353878,,,stock_code_exact,derived:etf_holding+company_master+PREF01N001
058820,CMG제약,stock,00380429,,,stock_code_exact,derived:etf_holding+company_master+PREF01N001
058850,KTcs,stock,00372882,,,stock_code_exact,derived:etf_holding+company_master+PREF01N001
058860,KTis,stock,00372873,,,stock_code_exact,derived:etf_holding+company_master+PREF01N001
058970,엠로,stock,00396925,,,stock_code_exact,derived:etf_holding+company_master+PREF01N001
059090,미코,stock,00366942,,,stock_code_exact,derived:etf_holding+company_master+PREF01N001
060005,국민은행4510이표일(03)3-30,,,,,,derived:etf_holding+company_master+PREF01N001
060007,국민은행4511이표일(03)1.5-24,,,,,,derived:etf_holding+company_master+PREF01N001
060150,인선이엔티,stock,00375931,,,stock_code_exact,derived:etf_holding+company_master+PREF01N001
060250,NHN KCP,stock,00357740,,,stock_code_exact,derived:etf_holding+company_master+PREF01N001
060280,큐렉소,stock,00356802,,,stock_code_exact,derived:etf_holding+company_master+PREF01N001
060370,LS마린솔루션,stock,00225742,,,stock_code_exact,derived:etf_holding+company_master+PREF01N001
060570,드림어스컴퍼니,stock,00364467,,,stock_code_exact,derived:etf_holding+company_master+PREF01N001
060720,KH바텍,stock,00378628,,,stock_code_exact,derived:etf_holding+company_master+PREF01N001
060980,HL홀딩스,stock,00299002,,,stock_code_exact,derived:etf_holding+company_master+PREF01N001
061970,LB세미콘,stock,00412348,,,stock_code_exact,derived:etf_holding+company_master+PREF01N001
062040,산일전기,stock,00366438,,,stock_code_exact,derived:etf_holding+company_master+PREF01N001
063160,종근당바이오,stock,00390055,,,stock_code_exact,derived:etf_holding+company_master+PREF01N001
063170,서울옥션,stock,00410915,,,stock_code_exact,derived:etf_holding+company_master+PREF01N001
063621,한국서부발전77-1,,,,,,derived:etf_holding+company_master+PREF01N001
064260,다날,stock,00389970,,,stock_code_exact,derived:etf_holding+company_master+PREF01N001
064290,인텍플러스,stock,00479787,,,stock_code_exact,derived:etf_holding+company_master+PREF01N001
064311,한국남부발전84-1,,,,,,derived:etf_holding+company_master+PREF01N001
064350,현대로템,stock,00302926,,,stock_code_exact,derived:etf_holding+company_master+PREF01N001
064400,LG씨엔에스,stock,00139834,,,stock_code_exact,derived:etf_holding+company_master+PREF01N001
064550,바이오니아,stock,00326731,,,stock_code_exact,derived:etf_holding+company_master+PREF01N001
064760,티씨케이,stock,00245472,,,stock_code_exact,derived:etf_holding+company_master+PREF01N001
064800,포니링크,stock,00392691,,,stock_code_exact,derived:etf_holding+company_master+PREF01N001
064850,에프앤가이드,stock,00331016,,,stock_code_exact,derived:etf_holding+company_master+PREF01N001
064960,SNT모티브,stock,00398792,,,stock_code_exact,derived:etf_holding+company_master+PREF01N001
064981,한국남동발전71-1,,,,,,derived:etf_holding+company_master+PREF01N001
065350,신성델타테크,stock,00136226,,,stock_code_exact,derived:etf_holding+company_master+PREF01N001
065660,안트로젠,stock,00631837,,,stock_code_exact,derived:etf_holding+company_master+PREF01N001
065903,현대카드905-3,,,,,,derived:etf_holding+company_master+PREF01N001
065908,현대카드846-3,,,,,,derived:etf_holding+company_master+PREF01N001
066570,LG전자,stock,00401731,,,stock_code_exact,derived:etf_holding+company_master+PREF01N001
066575,LG전자우,stock_pref,00401731,066570,,pref_suffix_to_common,derived:etf_holding+company_master+PREF01N001
066970,엘앤에프,stock,00398701,,,stock_code_exact,derived:etf_holding+company_master+PREF01N001
067080,대화제약,stock,00210740,,,stock_code_exact,derived:etf_holding+company_master+PREF01N001
067160,SOOP,stock,00399694,,,stock_code_exact,derived:etf_holding+company_master+PREF01N001
067310,하나마이크론,stock,00445054,,,stock_code_exact,derived:etf_holding+company_master+PREF01N001
067830,세이브존I&C,stock,00422895,,,stock_code_exact,derived:etf_holding+company_master+PREF01N001
068050,팬엔터테인먼트,stock,00397191,,,stock_code_exact,derived:etf_holding+company_master+PREF01N001
068171,한국동서발전39-1,,,,,,derived:etf_holding+company_master+PREF01N001
068172,한국동서발전55-2,,,,,,derived:etf_holding+company_master+PREF01N001
068240,다원시스,stock,00523307,,,stock_code_exact,derived:etf_holding+company_master+PREF01N001
068270,셀트리온,stock,00413046,,,stock_code_exact,derived:etf_holding+company_master+PREF01N001
068290,삼성출판사,stock,00423690,,,stock_code_exact,derived:etf_holding+company_master+PREF01N001
068760,셀트리온제약,stock,00541349,,,stock_code_exact,derived:etf_holding+company_master+PREF01N001
069080,웹젠,stock,00405320,,,stock_code_exact,derived:etf_holding+company_master+PREF01N001
069260,TKG휴켐스,stock,00426086,,,stock_code_exact,derived:etf_holding+company_master+PREF01N001
069460,대호에이엘,stock,00428729,,,stock_code_exact,derived:etf_holding+company_master+PREF01N001
069500,KODEX 200,etf,,,KR7069500007,etf_ticker_exact,derived:etf_holding+company_master+PREF01N001
069620,대웅제약,stock,00427483,,,stock_code_exact,derived:etf_holding+company_master+PREF01N001
069640,한세엠케이,stock,00357360,,,stock_code_exact,derived:etf_holding+company_master+PREF01N001
069660,KIWOOM 200,etf,,,KR7069660009,etf_ticker_exact,derived:etf_holding+company_master+PREF01N001
069730,DSR제강,stock,00151298,,,stock_code_exact,derived:etf_holding+company_master+PREF01N001
069960,현대백화점,stock,00428251,,,stock_code_exact,derived:etf_holding+company_master+PREF01N001
070960,모나용평,stock,00365989,,,stock_code_exact,derived:etf_holding+company_master+PREF01N001
071050,한국금융지주,stock,00432102,,,stock_code_exact,derived:etf_holding+company_master+PREF01N001
071055,한국금융지주우,stock_pref,00432102,071050,,pref_suffix_to_common,derived:etf_holding+company_master+PREF01N001
071090,하이스틸,stock,00435312,,,stock_code_exact,derived:etf_holding+company_master+PREF01N001
071320,지역난방공사,stock,00159698,,,stock_code_exact,derived:etf_holding+company_master+PREF01N001
071840,롯데하이마트,stock,00158307,,,stock_code_exact,derived:etf_holding+company_master+PREF01N001
071950,코아스,stock,00210856,,,stock_code_exact,derived:etf_holding+company_master+PREF01N001
071970,HD현대마린엔진,stock,00406046,,,stock_code_exact,derived:etf_holding+company_master+PREF01N001
072130,유엔젤,stock,00416654,,,stock_code_exact,derived:etf_holding+company_master+PREF01N001
072710,농심홀딩스,stock,00459871,,,stock_code_exact,derived:etf_holding+company_master+PREF01N001
073240,금호타이어,stock,00481454,,,stock_code_exact,derived:etf_holding+company_master+PREF01N001
073490,LIG아큐버,stock,00462121,,,stock_code_exact,derived:etf_holding+company_master+PREF01N001
074600,원익QnC,stock,00468374,,,stock_code_exact,derived:etf_holding+company_master+PREF01N001
075180,새론오토모티브,stock,00305668,,,stock_code_exact,derived:etf_holding+company_master+PREF01N001
075580,세진중공업,stock,00415628,,,stock_code_exact,derived:etf_holding+company_master+PREF01N001
077360,덕산하이메탈,stock,00471068,,,stock_code_exact,derived:etf_holding+company_master+PREF01N001
077500,유니퀘스트,stock,00414601,,,stock_code_exact,derived:etf_holding+company_master+PREF01N001
077970,STX엔진,stock,00480455,,,stock_code_exact,derived:etf_holding+company_master+PREF01N001
078000,텔코웨어,stock,00361488,,,stock_code_exact,derived:etf_holding+company_master+PREF01N001
078150,HB테크놀러지,stock,00255275,,,stock_code_exact,derived:etf_holding+company_master+PREF01N001
078160,메디포스트,stock,00453929,,,stock_code_exact,derived:etf_holding+company_master+PREF01N001
078340,컴투스,stock,00476498,,,stock_code_exact,derived:etf_holding+company_master+PREF01N001
078520,에이블씨엔씨,stock,00400857,,,stock_code_exact,derived:etf_holding+company_master+PREF01N001
078600,대주전자재료,stock,00177816,,,stock_code_exact,derived:etf_holding+company_master+PREF01N001
078930,GS,stock,00500254,,,stock_code_exact,derived:etf_holding+company_master+PREF01N001
079160,CJ CGV,stock,00303873,,,stock_code_exact,derived:etf_holding+company_master+PREF01N001
079311,JB 우리캐피탈556-1,,,,,,derived:etf_holding+company_master+PREF01N001
079315,JB 우리캐피탈562-1,,,,,,derived:etf_holding+company_master+PREF01N001
079370,제우스,stock,00442570,,,stock_code_exact,derived:etf_holding+company_master+PREF01N001
079430,현대리바트,stock,00300548,,,stock_code_exact,derived:etf_holding+company_master+PREF01N001
079550,LIG디펜스앤에어로스페이스,stock,00503668,,,stock_code_exact,derived:etf_holding+company_master+PREF01N001
079900,전진건설로봇,stock,00372129,,,stock_code_exact,derived:etf_holding+company_master+PREF01N001
079940,가비아,stock,00506294,,,stock_code_exact,derived:etf_holding+company_master+PREF01N001
079980,휴비스,stock,00362238,,,stock_code_exact,derived:etf_holding+company_master+PREF01N001
080160,모두투어,stock,00456218,,,stock_code_exact,derived:etf_holding+company_master+PREF01N001
080220,제주반도체,stock,00447487,,,stock_code_exact,derived:etf_holding+company_master+PREF01N001
080580,오킨스전자,stock,00543107,,,stock_code_exact,derived:etf_holding+company_master+PREF01N001
081000,일진다이아,stock,00508274,,,stock_code_exact,derived:etf_holding+company_master+PREF01N001
081660,미스토홀딩스,stock,00195229,,,stock_code_exact,derived:etf_holding+company_master+PREF01N001
082270,젬백스,stock,00492894,,,stock_code_exact,derived:etf_holding+company_master+PREF01N001
082640,동양생명,stock,00117267,,,stock_code_exact,derived:etf_holding+company_master+PREF01N001
082740,한화엔진,stock,00361008,,,stock_code_exact,derived:etf_holding+company_master+PREF01N001
082920,비츠로셀,stock,00154718,,,stock_code_exact,derived:etf_holding+company_master+PREF01N001
083310,엘오티베큠,stock,00484682,,,stock_code_exact,derived:etf_holding+company_master+PREF01N001
083420,그린케미칼,stock,00454946,,,stock_code_exact,derived:etf_holding+company_master+PREF01N001
083450,GST,stock,00540863,,,stock_code_exact,derived:etf_holding+company_master+PREF01N001
083650,비에이치아이,stock,00409788,,,stock_code_exact,derived:etf_holding+company_master+PREF01N001
083930,아바코,stock,00442145,,,stock_code_exact,derived:etf_holding+company_master+PREF01N001
084010,대한제강,stock,00113225,,,stock_code_exact,derived:etf_holding+company_master+PREF01N001
084110,휴온스글로벌,stock,00228059,,,stock_code_exact,derived:etf_holding+company_master+PREF01N001
084370,유진테크,stock,00531014,,,stock_code_exact,derived:etf_holding+company_master+PREF01N001
084670,동양고속,stock,00540641,,,stock_code_exact,derived:etf_holding+company_master+PREF01N001
084680,이월드,stock,00540605,,,stock_code_exact,derived:etf_holding+company_master+PREF01N001
084690,대상홀딩스,stock,00539274,,,stock_code_exact,derived:etf_holding+company_master+PREF01N001
084850,아이티엠반도체,stock,00579980,,,stock_code_exact,derived:etf_holding+company_master+PREF01N001
084870,TBH글로벌,stock,00409672,,,stock_code_exact,derived:etf_holding+company_master+PREF01N001
085310,엔케이,stock,00172228,,,stock_code_exact,derived:etf_holding+company_master+PREF01N001
085620,미래에셋생명,stock,00112332,,,stock_code_exact,derived:etf_holding+company_master+PREF01N001
085660,차바이오텍,stock,00525679,,,stock_code_exact,derived:etf_holding+company_master+PREF01N001
085670,뉴프렉스,stock,00493510,,,stock_code_exact,derived:etf_holding+company_master+PREF01N001
085910,네오티스,stock,00447928,,,stock_code_exact,derived:etf_holding+company_master+PREF01N001
086280,현대글로비스,stock,00360595,,,stock_code_exact,derived:etf_holding+company_master+PREF01N001
086390,유니테스트,stock,00540447,,,stock_code_exact,derived:etf_holding+company_master+PREF01N001
086450,동국제약,stock,00114808,,,stock_code_exact,derived:etf_holding+company_master+PREF01N001
086520,에코프로,stock,00536541,,,stock_code_exact,derived:etf_holding+company_master+PREF01N001
086790,하나금융지주,stock,00547583,,,stock_code_exact,derived:etf_holding+company_master+PREF01N001
086820,바이오솔루션,stock,00560982,,,stock_code_exact,derived:etf_holding+company_master+PREF01N001
086890,이수앱지스,stock,00526872,,,stock_code_exact,derived:etf_holding+company_master+PREF01N001
086900,메디톡스,stock,00580199,,,stock_code_exact,derived:etf_holding+company_master+PREF01N001
086980,쇼박스,stock,00303794,,,stock_code_exact,derived:etf_holding+company_master+PREF01N001
087010,펩트론,stock,00415868,,,stock_code_exact,derived:etf_holding+company_master+PREF01N001
088260,이리츠코크렙,stock,00544452,,,stock_code_exact,derived:etf_holding+company_master+PREF01N001
088350,한화생명,stock,00113058,,,stock_code_exact,derived:etf_holding+company_master+PREF01N001
088790,진도,stock,00557933,,,stock_code_exact,derived:etf_holding+company_master+PREF01N001
088980,맥쿼리인프라,stock,00435297,,,stock_code_exact,derived:etf_holding+company_master+PREF01N001
089010,켐트로닉스,stock,00371485,,,stock_code_exact,derived:etf_holding+company_master+PREF01N001
089030,테크윙,stock,00535676,,,stock_code_exact,derived:etf_holding+company_master+PREF01N001
089470,HDC현대EP,stock,00357935,,,stock_code_exact,derived:etf_holding+company_master+PREF01N001
089590,제주항공,stock,00555874,,,stock_code_exact,derived:etf_holding+company_master+PREF01N001
089860,롯데렌탈,stock,00545716,,,stock_code_exact,derived:etf_holding+company_master+PREF01N001
089890,코세스,stock,00365934,,,stock_code_exact,derived:etf_holding+company_master+PREF01N001
089970,브이엠,stock,00544577,,,stock_code_exact,derived:etf_holding+company_master+PREF01N001
089980,상아프론테크,stock,00181299,,,stock_code_exact,derived:etf_holding+company_master+PREF01N001
090080,평화산업,stock,00573579,,,stock_code_exact,derived:etf_holding+company_master+PREF01N001
090350,노루페인트,stock,00583442,,,stock_code_exact,derived:etf_holding+company_master+PREF01N001
090360,로보스타,stock,00536523,,,stock_code_exact,derived:etf_holding+company_master+PREF01N001
090370,메타랩스,stock,00442835,,,stock_code_exact,derived:etf_holding+company_master+PREF01N001
090430,아모레퍼시픽,stock,00583424,,,stock_code_exact,derived:etf_holding+company_master+PREF01N001
090435,아모레퍼시픽우,stock_pref,00583424,090430,,pref_suffix_to_common,derived:etf_holding+company_master+PREF01N001
090460,비에이치,stock,00447609,,,stock_code_exact,derived:etf_holding+company_master+PREF01N001
090710,휴림로봇,stock,00540429,,,stock_code_exact,derived:etf_holding+company_master+PREF01N001
091120,이엠텍,stock,00541163,,,stock_code_exact,derived:etf_holding+company_master+PREF01N001
091160,KODEX 반도체,etf,,,KR7091160002,etf_ticker_exact,derived:etf_holding+company_master+PREF01N001
091580,상신이디피,stock,00480783,,,stock_code_exact,derived:etf_holding+company_master+PREF01N001
091700,파트론,stock,00490151,,,stock_code_exact,derived:etf_holding+company_master+PREF01N001
091810,트리니티항공,stock,00671376,,,stock_code_exact,derived:etf_holding+company_master+PREF01N001
092200,디아이씨,stock,00112165,,,stock_code_exact,derived:etf_holding+company_master+PREF01N001
092220,KEC,stock,00589127,,,stock_code_exact,derived:etf_holding+company_master+PREF01N001
092230,KPX홀딩스,stock,00587466,,,stock_code_exact,derived:etf_holding+company_master+PREF01N001
092440,기신정기,stock,00106614,,,stock_code_exact,derived:etf_holding+company_master+PREF01N001
092780,DYP,stock,00117726,,,stock_code_exact,derived:etf_holding+company_master+PREF01N001
092790,넥스틸,stock,00220613,,,stock_code_exact,derived:etf_holding+company_master+PREF01N001
093050,LF,stock,00593032,,,stock_code_exact,derived:etf_holding+company_master+PREF01N001
093190,빅솔론,stock,00478900,,,stock_code_exact,derived:etf_holding+company_master+PREF01N001
093240,형지엘리트,stock,00441243,,,stock_code_exact,derived:etf_holding+company_master+PREF01N001
093320,케이아이엔엑스,stock,00603348,,,stock_code_exact,derived:etf_holding+company_master+PREF01N001
093370,후성,stock,00595191,,,stock_code_exact,derived:etf_holding+company_master+PREF01N001
094170,동운아나텍,stock,00695969,,,stock_code_exact,derived:etf_holding+company_master+PREF01N001
094280,효성ITX,stock,00414850,,,stock_code_exact,derived:etf_holding+company_master+PREF01N001
094360,칩스앤미디어,stock,00579971,,,stock_code_exact,derived:etf_holding+company_master+PREF01N001
094800,맵스리얼티,stock,00600013,,,stock_code_exact,derived:etf_holding+company_master+PREF01N001
094820,일진파워,stock,00485177,,,stock_code_exact,derived:etf_holding+company_master+PREF01N001
095340,ISC,stock,00572905,,,stock_code_exact,derived:etf_holding+company_master+PREF01N001
095500,미래나노텍,stock,00526836,,,stock_code_exact,derived:etf_holding+company_master+PREF01N001
095570,AJ네트웍스,stock,00365387,,,stock_code_exact,derived:etf_holding+company_master+PREF01N001
095610,테스,stock,00524421,,,stock_code_exact,derived:etf_holding+company_master+PREF01N001
095660,네오위즈,stock,00628860,,,stock_code_exact,derived:etf_holding+company_master+PREF01N001
095700,제넥신,stock,00545929,,,stock_code_exact,derived:etf_holding+company_master+PREF01N001
095720,웅진씽크빅,stock,00628189,,,stock_code_exact,derived:etf_holding+company_master+PREF01N001
095924,현대커머셜568-4,,,,,,derived:etf_holding+company_master+PREF01N001
095928,현대커머셜562-4,,,,,,derived:etf_holding+company_master+PREF01N001
096530,씨젠,stock,00788773,,,stock_code_exact,derived:etf_holding+company_master+PREF01N001
096760,JW홀딩스,stock,00632304,,,stock_code_exact,derived:etf_holding+company_master+PREF01N001
096770,SK이노베이션,stock,00631518,,,stock_code_exact,derived:etf_holding+company_master+PREF01N001
097230,HJ중공업,stock,00633835,,,stock_code_exact,derived:etf_holding+company_master+PREF01N001
097247,엔에이치농협캐피탈261-7,,,,,,derived:etf_holding+company_master+PREF01N001
097520,엠씨넥스,stock,00564562,,,stock_code_exact,derived:etf_holding+company_master+PREF01N001
097950,CJ제일제당,stock,00635134,,,stock_code_exact,derived:etf_holding+company_master+PREF01N001
098070,한텍,stock,00404941,,,stock_code_exact,derived:etf_holding+company_master+PREF01N001
098460,고영,stock,00579999,,,stock_code_exact,derived:etf_holding+company_master+PREF01N001
099190,아이센스,stock,00550994,,,stock_code_exact,derived:etf_holding+company_master+PREF01N001
099320,쎄트렉아이,stock,00449254,,,stock_code_exact,derived:etf_holding+company_master+PREF01N001
099430,바이오플러스,stock,00636656,,,stock_code_exact,derived:etf_holding+company_master+PREF01N001
099440,스맥,stock,00580056,,,stock_code_exact,derived:etf_holding+company_master+PREF01N001
100090,SK오션플랜트,stock,00480367,,,stock_code_exact,derived:etf_holding+company_master+PREF01N001
100120,뷰웍스,stock,00609324,,,stock_code_exact,derived:etf_holding+company_master+PREF01N001
100130,동국S&C,stock,00415594,,,stock_code_exact,derived:etf_holding+company_master+PREF01N001
100220,비상교육,stock,00520887,,,stock_code_exact,derived:etf_holding+company_master+PREF01N001
100250,진양홀딩스,stock,00646732,,,stock_code_exact,derived:etf_holding+company_master+PREF01N001
100790,미래에셋벤처투자,stock,00340096,,,stock_code_exact,derived:etf_holding+company_master+PREF01N001
100840,SNT에너지,stock,00648721,,,stock_code_exact,derived:etf_holding+company_master+PREF01N001
101140,인바이오젠,stock,00652423,,,stock_code_exact,derived:etf_holding+company_master+PREF01N001
101160,월덱스,stock,00580065,,,stock_code_exact,derived:etf_holding+company_master+PREF01N001
101360,에코앤드림,stock,00619640,,,stock_code_exact,derived:etf_holding+company_master+PREF01N001
101490,에스앤에스텍,stock,00411048,,,stock_code_exact,derived:etf_holding+company_master+PREF01N001
101530,해태제과식품,stock,00428321,,,stock_code_exact,derived:etf_holding+company_master+PREF01N001
101730,위메이드맥스,stock,00643656,,,stock_code_exact,derived:etf_holding+company_master+PREF01N001
101970,우양에이치씨,stock,00450931,,,stock_code_exact,derived:etf_holding+company_master+PREF01N001
102110,TIGER 200,etf,,,KR7102110004,etf_ticker_exact,derived:etf_holding+company_master+PREF01N001
102120,어보브반도체,stock,00591441,,,stock_code_exact,derived:etf_holding+company_master+PREF01N001
102260,동성케미컬,stock,00679314,,,stock_code_exact,derived:etf_holding+company_master+PREF01N001
102460,이연제약,stock,00145598,,,stock_code_exact,derived:etf_holding+company_master+PREF01N001
102710,이엔에프테크놀로지,stock,00530185,,,stock_code_exact,derived:etf_holding+company_master+PREF01N001
102940,코오롱생명과학,stock,00525642,,,stock_code_exact,derived:etf_holding+company_master+PREF01N001
103140,풍산,stock,00684714,,,stock_code_exact,derived:etf_holding+company_master+PREF01N001
103590,일진전기,stock,00683469,,,stock_code_exact,derived:etf_holding+company_master+PREF01N001
104700,한국철강,stock,00687711,,,stock_code_exact,derived:etf_holding+company_master+PREF01N001
104830,원익머트리얼즈,stock,00623661,,,stock_code_exact,derived:etf_holding+company_master+PREF01N001
105190,ACE 200,etf,,,KR7105190003,etf_ticker_exact,derived:etf_holding+company_master+PREF01N001
105560,KB금융,stock,00688996,,,stock_code_exact,derived:etf_holding+company_master+PREF01N001
105630,한세실업,stock,00728638,,,stock_code_exact,derived:etf_holding+company_master+PREF01N001
105840,우진,stock,00173944,,,stock_code_exact,derived:etf_holding+company_master+PREF01N001
107590,미원홀딩스,stock,00706715,,,stock_code_exact,derived:etf_holding+company_master+PREF01N001
107640,한중엔시에스,stock,00474588,,,stock_code_exact,derived:etf_holding+company_master+PREF01N001
108320,LX세미콘,stock,00525934,,,stock_code_exact,derived:etf_holding+company_master+PREF01N001
108380,대양전기공업,stock,00111193,,,stock_code_exact,derived:etf_holding+company_master+PREF01N001
108490,로보티즈,stock,00946030,,,stock_code_exact,derived:etf_holding+company_master+PREF01N001
108670,LX하우시스,stock,00759513,,,stock_code_exact,derived:etf_holding+company_master+PREF01N001
108860,셀바스AI,stock,00666064,,,stock_code_exact,derived:etf_holding+company_master+PREF01N001
109610,에스와이,stock,00535481,,,stock_code_exact,derived:etf_holding+company_master+PREF01N001
110990,디아이티,stock,00576798,,,stock_code_exact,derived:etf_holding+company_master+PREF01N001
111110,호전실업,stock,00226316,,,stock_code_exact,derived:etf_holding+company_master+PREF01N001
111380,동인기연,stock,00367710,,,stock_code_exact,derived:etf_holding+company_master+PREF01N001
111770,영원무역,stock,00776820,,,stock_code_exact,derived:etf_holding+company_master+PREF01N001
112040,위메이드,stock,00444329,,,stock_code_exact,derived:etf_holding+company_master+PREF01N001
112610,씨에스윈드,stock,00670340,,,stock_code_exact,derived:etf_holding+company_master+PREF01N001
114090,GKL,stock,00557508,,,stock_code_exact,derived:etf_holding+company_master+PREF01N001
114190,강원에너지,stock,00100601,,,stock_code_exact,derived:etf_holding+company_master+PREF01N001
114260,KODEX 국고채3년,etf,,,KR7114260003,etf_ticker_exact,derived:etf_holding+company_master+PREF01N001
114800,KODEX 인버스,etf,,,KR7114800006,etf_ticker_exact,derived:etf_holding+company_master+PREF01N001
114810,한솔아이원스,stock,00625942,,,stock_code_exact,derived:etf_holding+company_master+PREF01N001
114820,TIGER 국채3년,etf,,,KR7114820004,etf_ticker_exact,derived:etf_holding+company_master+PREF01N001
114840,아이패밀리에스씨,stock,00692254,,,stock_code_exact,derived:etf_holding+company_master+PREF01N001
115180,큐리언트,stock,01042650,,,stock_code_exact,derived:etf_holding+company_master+PREF01N001
115450,HLB테라퓨틱스,stock,00552859,,,stock_code_exact,derived:etf_holding+company_master+PREF01N001
117580,대성에너지,stock,00787376,,,stock_code_exact,derived:etf_holding+company_master+PREF01N001
117730,티로보틱스,stock,00867098,,,stock_code_exact,derived:etf_holding+company_master+PREF01N001
118990,모트렉스,stock,00876908,,,stock_code_exact,derived:etf_holding+company_master+PREF01N001
119610,인터로조,stock,00604426,,,stock_code_exact,derived:etf_holding+company_master+PREF01N001
119850,지엔씨에너지,stock,00626464,,,stock_code_exact,derived:etf_holding+company_master+PREF01N001
120030,조선선재,stock,00796994,,,stock_code_exact,derived:etf_holding+company_master+PREF01N001
120110,코오롱인더,stock,00795135,,,stock_code_exact,derived:etf_holding+company_master+PREF01N001
121600,나노신소재,stock,00439965,,,stock_code_exact,derived:etf_holding+company_master+PREF01N001
122630,KODEX 레버리지,etf,,,KR7122630007,etf_ticker_exact,derived:etf_holding+company_master+PREF01N001
122640,예스티,stock,00530556,,,stock_code_exact,derived:etf_holding+company_master+PREF01N001
122870,와이지엔터테인먼트,stock,00613318,,,stock_code_exact,derived:etf_holding+company_master+PREF01N001
122900,아이마켓코리아,stock,00360142,,,stock_code_exact,derived:etf_holding+company_master+PREF01N001
122990,와이솔,stock,00759294,,,stock_code_exact,derived:etf_holding+company_master+PREF01N001
123310,TIGER 인버스,etf,,,KR7123310005,etf_ticker_exact,derived:etf_holding+company_master+PREF01N001
123320,TIGER 레버리지,etf,,,KR7123320004,etf_ticker_exact,derived:etf_holding+company_master+PREF01N001
123330,제닉,stock,00624998,,,stock_code_exact,derived:etf_holding+company_master+PREF01N001
123690,한국화장품,stock,00823429,,,stock_code_exact,derived:etf_holding+company_master+PREF01N001
123700,SJM,stock,00815369,,,stock_code_exact,derived:etf_holding+company_master+PREF01N001
123890,한국자산신탁,stock,00404701,,,stock_code_exact,derived:etf_holding+company_master+PREF01N001
124500,아이티센글로벌,stock,00620868,,,stock_code_exact,derived:etf_holding+company_master+PREF01N001
125490,한라캐스트,stock,00683061,,,stock_code_exact,derived:etf_holding+company_master+PREF01N001
126340,비나텍,stock,00563518,,,stock_code_exact,derived:etf_holding+company_master+PREF01N001
126560,현대퓨처넷,stock,00403632,,,stock_code_exact,derived:etf_holding+company_master+PREF01N001
126700,하이비젼시스템,stock,00825959,,,stock_code_exact,derived:etf_holding+company_master+PREF01N001
126720,수산인더스트리,stock,00193328,,,stock_code_exact,derived:etf_holding+company_master+PREF01N001
128820,대성산업,stock,00828789,,,stock_code_exact,derived:etf_holding+company_master+PREF01N001
128940,한미약품,stock,00828497,,,stock_code_exact,derived:etf_holding+company_master+PREF01N001
129260,인터지스,stock,00151368,,,stock_code_exact,derived:etf_holding+company_master+PREF01N001
130660,한전산업,stock,00194947,,,stock_code_exact,derived:etf_holding+company_master+PREF01N001
131290,티에스이,stock,00372226,,,stock_code_exact,derived:etf_holding+company_master+PREF01N001
131970,두산테스나,stock,00563545,,,stock_code_exact,derived:etf_holding+company_master+PREF01N001
133820,화인베스틸,stock,00661847,,,stock_code_exact,derived:etf_holding+company_master+PREF01N001
134380,미원화학,stock,00855163,,,stock_code_exact,derived:etf_holding+company_master+PREF01N001
134790,시디즈,stock,00852087,,,stock_code_exact,derived:etf_holding+company_master+PREF01N001
136490,선진,stock,00855093,,,stock_code_exact,derived:etf_holding+company_master+PREF01N001
137310,에스디바이오센서,stock,00854997,,,stock_code_exact,derived:etf_holding+company_master+PREF01N001
137400,피엔티,stock,00612294,,,stock_code_exact,derived:etf_holding+company_master+PREF01N001
138040,메리츠금융지주,stock,00860332,,,stock_code_exact,derived:etf_holding+company_master+PREF01N001
138042,메리츠금융지주21-2,,,,,,derived:etf_holding+company_master+PREF01N001
138230,KIWOOM 미국달러선물,etf,,,KR7138230008,etf_ticker_exact,derived:etf_holding+company_master+PREF01N001
138610,나이벡,stock,00767628,,,stock_code_exact,derived:etf_holding+company_master+PREF01N001
138920,KODEX 콩선물(H),etf,,,KR7138920004,etf_ticker_exact,derived:etf_holding+company_master+PREF01N001
138930,BNK금융지주,stock,00858364,,,stock_code_exact,derived:etf_holding+company_master+PREF01N001
139130,iM금융지주,stock,00878915,,,stock_code_exact,derived:etf_holding+company_master+PREF01N001
139250,TIGER 200 에너지화학,etf,,,KR7139250005,etf_ticker_exact,derived:etf_holding+company_master+PREF01N001
139260,TIGER 200 IT,etf,,,KR7139260004,etf_ticker_exact,derived:etf_holding+company_master+PREF01N001
139480,이마트,stock,00872984,,,stock_code_exact,derived:etf_holding+company_master+PREF01N001
139660,KIWOOM 미국달러선물인버스,etf,,,KR7139660005,etf_ticker_exact,derived:etf_holding+company_master+PREF01N001
139990,아주스틸,stock,00486705,,,stock_code_exact,derived:etf_holding+company_master+PREF01N001
140171,케이비국민카드446-1,,,,,,derived:etf_holding+company_master+PREF01N001
140173,케이비국민카드378-1,,,,,,derived:etf_holding+company_master+PREF01N001
140176,케이비국민카드391-6,,,,,,derived:etf_holding+company_master+PREF01N001
140178,케이비국민카드433-1,,,,,,derived:etf_holding+company_master+PREF01N001
140410,메지온,stock,00808022,,,stock_code_exact,derived:etf_holding+company_master+PREF01N001
140860,파크시스템스,stock,00244747,,,stock_code_exact,derived:etf_holding+company_master+PREF01N001
141080,리가켐바이오,stock,00842619,,,stock_code_exact,derived:etf_holding+company_master+PREF01N001
143210,핸즈코퍼레이션,stock,00119140,,,stock_code_exact,derived:etf_holding+company_master+PREF01N001
143850,TIGER 미국S&P500선물(H),etf,,,KR7143850006,etf_ticker_exact,derived:etf_holding+company_master+PREF01N001
144510,지씨셀,stock,01010642,,,stock_code_exact,derived:etf_holding+company_master+PREF01N001
145020,휴젤,stock,00888347,,,stock_code_exact,derived:etf_holding+company_master+PREF01N001
145720,덴티움,stock,00526599,,,stock_code_exact,derived:etf_holding+company_master+PREF01N001
145765,BNK캐피탈363-5,,,,,,derived:etf_holding+company_master+PREF01N001
145767,BNK캐피탈339-3,,,,,,derived:etf_holding+company_master+PREF01N001
145768,BNK캐피탈303-2,,,,,,derived:etf_holding+company_master+PREF01N001
145990,삼양사,stock,00896285,,,stock_code_exact,derived:etf_holding+company_master+PREF01N001
148020,RISE 200,etf,,,KR7148020001,etf_ticker_exact,derived:etf_holding+company_master+PREF01N001
148150,세경하이테크,stock,00913689,,,stock_code_exact,derived:etf_holding+company_master+PREF01N001
151860,KG에코솔루션,stock,00366137,,,stock_code_exact,derived:etf_holding+company_master+PREF01N001
152100,PLUS 200,etf,,,KR7152100004,etf_ticker_exact,derived:etf_holding+company_master+PREF01N001
155660,DSR,stock,00110608,,,stock_code_exact,derived:etf_holding+company_master+PREF01N001
156100,엘앤케이바이오,stock,00918222,,,stock_code_exact,derived:etf_holding+company_master+PREF01N001
157450,TIGER 단기통안채,etf,,,KR7157450008,etf_ticker_exact,derived:etf_holding+company_master+PREF01N001
158430,아톤,stock,00595182,,,stock_code_exact,derived:etf_holding+company_master+PREF01N001
160190,하이젠알앤엠,stock,00650771,,,stock_code_exact,derived:etf_holding+company_master+PREF01N001
161000,애경케미칼,stock,00936787,,,stock_code_exact,derived:etf_holding+company_master+PREF01N001
161390,한국타이어앤테크놀로지,stock,00937324,,,stock_code_exact,derived:etf_holding+company_master+PREF01N001
161580,필옵틱스,stock,00938721,,,stock_code_exact,derived:etf_holding+company_master+PREF01N001
161890,한국콜마,stock,00939331,,,stock_code_exact,derived:etf_holding+company_master+PREF01N001
163280,에어레인,stock,01663116,,,stock_code_exact,derived:etf_holding+company_master+PREF01N001
163560,동일고무벨트,stock,00939687,,,stock_code_exact,derived:etf_holding+company_master+PREF01N001
166090,하나머티리얼즈,stock,00660750,,,stock_code_exact,derived:etf_holding+company_master+PREF01N001
168360,펨트론,stock,00957373,,,stock_code_exact,derived:etf_holding+company_master+PREF01N001
168580,ACE 중국본토CSI300,etf,,,KR7168580009,etf_ticker_exact,derived:etf_holding+company_master+PREF01N001
169374,메리츠캐피탈259-3,,,,,,derived:etf_holding+company_master+PREF01N001
169377,메리츠캐피탈277-1,,,,,,derived:etf_holding+company_master+PREF01N001
169379,메리츠캐피탈262-3,,,,,,derived:etf_holding+company_master+PREF01N001
170900,동아에스티,stock,00956930,,,stock_code_exact,derived:etf_holding+company_master+PREF01N001
170920,엘티씨,stock,00866062,,,stock_code_exact,derived:etf_holding+company_master+PREF01N001
171090,선익시스템,stock,00327819,,,stock_code_exact,derived:etf_holding+company_master+PREF01N001
174146,우리카드266-1,,,,,,derived:etf_holding+company_master+PREF01N001
174149,우리카드267-2,,,,,,derived:etf_holding+company_master+PREF01N001
174900,앱클론,stock,00991191,,,stock_code_exact,derived:etf_holding+company_master+PREF01N001
175330,JB금융지주,stock,00980122,,,stock_code_exact,derived:etf_holding+company_master+PREF01N001
175332,JB금융지주19-2,,,,,,derived:etf_holding+company_master+PREF01N001
176944,DGB캐피탈116-4,,,,,,derived:etf_holding+company_master+PREF01N001
178320,서진시스템,stock,00838005,,,stock_code_exact,derived:etf_holding+company_master+PREF01N001
178920,PI첨단소재,stock,00767460,,,stock_code_exact,derived:etf_holding+company_master+PREF01N001
180640,한진칼,stock,00983040,,,stock_code_exact,derived:etf_holding+company_master+PREF01N001
181710,NHN,stock,00983271,,,stock_code_exact,derived:etf_holding+company_master+PREF01N001
182360,큐브엔터,stock,00985686,,,stock_code_exact,derived:etf_holding+company_master+PREF01N001
182400,엔케이젠바이오텍코리아,stock,00977650,,,stock_code_exact,derived:etf_holding+company_master+PREF01N001
183190,아세아시멘트,stock,00990165,,,stock_code_exact,derived:etf_holding+company_master+PREF01N001
183300,코미코,stock,00997812,,,stock_code_exact,derived:etf_holding+company_master+PREF01N001
185750,종근당,stock,00992871,,,stock_code_exact,derived:etf_holding+company_master+PREF01N001
187790,나노,stock,00994994,,,stock_code_exact,derived:etf_holding+company_master+PREF01N001
187870,디바이스,stock,00624509,,,stock_code_exact,derived:etf_holding+company_master+PREF01N001
189300,인텔리안테크,stock,00664181,,,stock_code_exact,derived:etf_holding+company_master+PREF01N001
192080,더블유게임즈,stock,01010110,,,stock_code_exact,derived:etf_holding+company_master+PREF01N001
192400,쿠쿠홀딩스,stock,00132354,,,stock_code_exact,derived:etf_holding+company_master+PREF01N001
192650,드림텍,stock,00415646,,,stock_code_exact,derived:etf_holding+company_master+PREF01N001
192820,코스맥스,stock,01009789,,,stock_code_exact,derived:etf_holding+company_master+PREF01N001
194370,제이에스코퍼레이션,stock,00332927,,,stock_code_exact,derived:etf_holding+company_master+PREF01N001
194480,데브시스터즈,stock,01008762,,,stock_code_exact,derived:etf_holding+company_master+PREF01N001
194700,노바렉스,stock,00811372,,,stock_code_exact,derived:etf_holding+company_master+PREF01N001
195870,해성디에스,stock,01032413,,,stock_code_exact,derived:etf_holding+company_master+PREF01N001
195940,HK이노엔,stock,01012066,,,stock_code_exact,derived:etf_holding+company_master+PREF01N001
196170,알테오젠,stock,00989619,,,stock_code_exact,derived:etf_holding+company_master+PREF01N001
199820,제일일렉트릭,stock,00148470,,,stock_code_exact,derived:etf_holding+company_master+PREF01N001
200130,콜마비앤에이치,stock,01032404,,,stock_code_exact,derived:etf_holding+company_master+PREF01N001
200670,휴메딕스,stock,00614478,,,stock_code_exact,derived:etf_holding+company_master+PREF01N001
200710,에이디테크놀로지,stock,00657002,,,stock_code_exact,derived:etf_holding+company_master+PREF01N001
200880,서연이화,stock,01036446,,,stock_code_exact,derived:etf_holding+company_master+PREF01N001
201490,미투온,stock,00965813,,,stock_code_exact,derived:etf_holding+company_master+PREF01N001
204270,제이앤티씨,stock,00447575,,,stock_code_exact,derived:etf_holding+company_master+PREF01N001
204320,HL만도,stock,01042775,,,stock_code_exact,derived:etf_holding+company_master+PREF01N001
204610,티쓰리,stock,00609661,,,stock_code_exact,derived:etf_holding+company_master+PREF01N001
204620,글로벌텍스프리,stock,01042711,,,stock_code_exact,derived:etf_holding+company_master+PREF01N001
205470,휴마시스,stock,01042979,,,stock_code_exact,derived:etf_holding+company_master+PREF01N001
206640,바디텍메드,stock,01046708,,,stock_code_exact,derived:etf_holding+company_master+PREF01N001
206650,유바이오로직스,stock,00927558,,,stock_code_exact,derived:etf_holding+company_master+PREF01N001
207940,삼성바이오로직스,stock,00877059,,,stock_code_exact,derived:etf_holding+company_master+PREF01N001
207941,삼성바이오로직스8-1,,,,,,derived:etf_holding+company_master+PREF01N001
210540,디와이파워,stock,01059605,,,stock_code_exact,derived:etf_holding+company_master+PREF01N001
210980,SK디앤디,stock,00508344,,,stock_code_exact,derived:etf_holding+company_master+PREF01N001
211050,인카금융서비스,stock,01013694,,,stock_code_exact,derived:etf_holding+company_master+PREF01N001
211270,AP위성,stock,00874803,,,stock_code_exact,derived:etf_holding+company_master+PREF01N001
211900,KODEX 코리아배당성장,etf,,,KR7211900006,etf_ticker_exact,derived:etf_holding+company_master+PREF01N001
213420,덕산네오룩스,stock,01061558,,,stock_code_exact,derived:etf_holding+company_master+PREF01N001
213500,한솔제지,stock,01060744,,,stock_code_exact,derived:etf_holding+company_master+PREF01N001
214150,클래시스,stock,01061327,,,stock_code_exact,derived:etf_holding+company_master+PREF01N001
214320,이노션,stock,00565154,,,stock_code_exact,derived:etf_holding+company_master+PREF01N001
214330,금호에이치티,stock,00105606,,,stock_code_exact,derived:etf_holding+company_master+PREF01N001
214370,케어젠,stock,00549891,,,stock_code_exact,derived:etf_holding+company_master+PREF01N001
214390,경보제약,stock,00101664,,,stock_code_exact,derived:etf_holding+company_master+PREF01N001
214420,토니모리,stock,00816544,,,stock_code_exact,derived:etf_holding+company_master+PREF01N001
214430,아이쓰리시스템,stock,00612489,,,stock_code_exact,derived:etf_holding+company_master+PREF01N001
214450,파마리서치,stock,00970453,,,stock_code_exact,derived:etf_holding+company_master+PREF01N001
214980,KODEX 단기채권PLUS,etf,,,KR7214980005,etf_ticker_exact,derived:etf_holding+company_master+PREF01N001
215000,골프존,stock,01067516,,,stock_code_exact,derived:etf_holding+company_master+PREF01N001
215200,메가스터디교육,stock,01074862,,,stock_code_exact,derived:etf_holding+company_master+PREF01N001
215600,신라젠,stock,00919966,,,stock_code_exact,derived:etf_holding+company_master+PREF01N001
216080,제테마,stock,01222867,,,stock_code_exact,derived:etf_holding+company_master+PREF01N001
217590,티엠씨,stock,00949161,,,stock_code_exact,derived:etf_holding+company_master+PREF01N001
218410,RFHIC,stock,01078178,,,stock_code_exact,derived:etf_holding+company_master+PREF01N001
220100,퓨쳐켐,stock,01053540,,,stock_code_exact,derived:etf_holding+company_master+PREF01N001
222080,SFA넥셀,stock,01090471,,,stock_code_exact,derived:etf_holding+company_master+PREF01N001
222800,심텍,stock,01095722,,,stock_code_exact,derived:etf_holding+company_master+PREF01N001
225570,넥슨게임즈,stock,01096341,,,stock_code_exact,derived:etf_holding+company_master+PREF01N001
226320,잇츠한불,stock,00911955,,,stock_code_exact,derived:etf_holding+company_master+PREF01N001
226950,올릭스,stock,01113718,,,stock_code_exact,derived:etf_holding+company_master+PREF01N001
226980,KODEX 200 중소형,etf,,,KR7226980001,etf_ticker_exact,derived:etf_holding+company_master+PREF01N001
227840,현대코퍼레이션홀딩스,stock,01108099,,,stock_code_exact,derived:etf_holding+company_master+PREF01N001
228760,지노믹트리,stock,01108248,,,stock_code_exact,derived:etf_holding+company_master+PREF01N001
229200,KODEX 코스닥150,etf,,,KR7229200001,etf_ticker_exact,derived:etf_holding+company_master+PREF01N001
229640,LS에코에너지,stock,01093007,,,stock_code_exact,derived:etf_holding+company_master+PREF01N001
230240,에치에프알,stock,01108442,,,stock_code_exact,derived:etf_holding+company_master+PREF01N001
230480,KIWOOM 미국달러선물인버스2X,etf,,,KR7230480006,etf_ticker_exact,derived:etf_holding+company_master+PREF01N001
232080,TIGER 코스닥150,etf,,,KR7232080002,etf_ticker_exact,derived:etf_holding+company_master+PREF01N001
232140,와이씨,stock,01109539,,,stock_code_exact,derived:etf_holding+company_master+PREF01N001
234080,JW생명과학,stock,00225706,,,stock_code_exact,derived:etf_holding+company_master+PREF01N001
235980,메드팩토,stock,01336373,,,stock_code_exact,derived:etf_holding+company_master+PREF01N001
236200,슈프리마,stock,01124653,,,stock_code_exact,derived:etf_holding+company_master+PREF01N001
237350,KODEX 코스피100,etf,,,KR7237350004,etf_ticker_exact,derived:etf_holding+company_master+PREF01N001
237690,에스티팜,stock,00871833,,,stock_code_exact,derived:etf_holding+company_master+PREF01N001
237880,클리오,stock,00957735,,,stock_code_exact,derived:etf_holding+company_master+PREF01N001
240810,원익IPS,stock,01135941,,,stock_code_exact,derived:etf_holding+company_master+PREF01N001
241560,두산밥캣,stock,01032486,,,stock_code_exact,derived:etf_holding+company_master+PREF01N001
241590,화승엔터프라이즈,stock,01128613,,,stock_code_exact,derived:etf_holding+company_master+PREF01N001
241710,코스메카코리아,stock,00763473,,,stock_code_exact,derived:etf_holding+company_master+PREF01N001
243070,휴온스,stock,01159853,,,stock_code_exact,derived:etf_holding+company_master+PREF01N001
243840,신흥에스이씨,stock,00807379,,,stock_code_exact,derived:etf_holding+company_master+PREF01N001
244920,에이플러스에셋,stock,00684802,,,stock_code_exact,derived:etf_holding+company_master+PREF01N001
245620,EDGC,stock,01182550,,,stock_code_exact,derived:etf_holding+company_master+PREF01N001
246710,티앤알바이오팹,stock,01109937,,,stock_code_exact,derived:etf_holding+company_master+PREF01N001
247540,에코프로비엠,stock,01160363,,,stock_code_exact,derived:etf_holding+company_master+PREF01N001
248070,솔루엠,stock,01159233,,,stock_code_exact,derived:etf_holding+company_master+PREF01N001
248170,샘표식품,stock,01167056,,,stock_code_exact,derived:etf_holding+company_master+PREF01N001
249420,일동제약,stock,01168383,,,stock_code_exact,derived:etf_holding+company_master+PREF01N001
251270,넷마블,stock,00904672,,,stock_code_exact,derived:etf_holding+company_master+PREF01N001
251340,KODEX 코스닥150선물인버스,etf,,,KR7251340006,etf_ticker_exact,derived:etf_holding+company_master+PREF01N001
251350,KODEX MSCI선진국,etf,,,KR7251350005,etf_ticker_exact,derived:etf_holding+company_master+PREF01N001
251970,펌텍코리아,stock,00761059,,,stock_code_exact,derived:etf_holding+company_master+PREF01N001
252400,RISE 200선물레버리지,etf,,,KR7252400007,etf_ticker_exact,derived:etf_holding+company_master+PREF01N001
252990,샘씨엔에스,stock,01199727,,,stock_code_exact,derived:etf_holding+company_master+PREF01N001
253450,스튜디오드래곤,stock,01168684,,,stock_code_exact,derived:etf_holding+company_master+PREF01N001
253590,네오셈,stock,01170865,,,stock_code_exact,derived:etf_holding+company_master+PREF01N001
256840,한국비엔씨,stock,01179617,,,stock_code_exact,derived:etf_holding+company_master+PREF01N001
257720,실리콘투,stock,00982023,,,stock_code_exact,derived:etf_holding+company_master+PREF01N001
259960,크래프톤,stock,00760971,,,stock_code_exact,derived:etf_holding+company_master+PREF01N001
261240,KODEX 미국달러선물,etf,,,KR7261240006,etf_ticker_exact,derived:etf_holding+company_master+PREF01N001
261270,KODEX 미국달러선물인버스,etf,,,KR7261270003,etf_ticker_exact,derived:etf_holding+company_master+PREF01N001
263750,펄어비스,stock,01152470,,,stock_code_exact,derived:etf_holding+company_master+PREF01N001
264900,크라운제과,stock,01205329,,,stock_code_exact,derived:etf_holding+company_master+PREF01N001
265520,AP시스템,stock,01203808,,,stock_code_exact,derived:etf_holding+company_master+PREF01N001
267250,HD현대,stock,01205709,,,stock_code_exact,derived:etf_holding+company_master+PREF01N001
267260,HD현대일렉트릭,stock,01205851,,,stock_code_exact,derived:etf_holding+company_master+PREF01N001
267270,HD건설기계,stock,01205842,,,stock_code_exact,derived:etf_holding+company_master+PREF01N001
267290,경동도시가스,stock,01208885,,,stock_code_exact,derived:etf_holding+company_master+PREF01N001
267320,나인테크,stock,01208849,,,stock_code_exact,derived:etf_holding+company_master+PREF01N001
267850,아시아나IDT,stock,00458234,,,stock_code_exact,derived:etf_holding+company_master+PREF01N001
268280,미원에스씨,stock,01234297,,,stock_code_exact,derived:etf_holding+company_master+PREF01N001
270810,RISE 코스닥150,etf,,,KR7270810005,etf_ticker_exact,derived:etf_holding+company_master+PREF01N001
271560,오리온,stock,01238169,,,stock_code_exact,derived:etf_holding+company_master+PREF01N001
271940,일진하이솔루스,stock,00972503,,,stock_code_exact,derived:etf_holding+company_master+PREF01N001
271980,제일약품,stock,01236897,,,stock_code_exact,derived:etf_holding+company_master+PREF01N001
272110,케이엔제이,stock,00769158,,,stock_code_exact,derived:etf_holding+company_master+PREF01N001
272210,한화시스템,stock,00339391,,,stock_code_exact,derived:etf_holding+company_master+PREF01N001
272290,이녹스첨단소재,stock,01237540,,,stock_code_exact,derived:etf_holding+company_master+PREF01N001
272450,진에어,stock,00653024,,,stock_code_exact,derived:etf_holding+company_master+PREF01N001
272550,삼양패키징,stock,01060814,,,stock_code_exact,derived:etf_holding+company_master+PREF01N001
272580,TIGER 단기채권액티브,etf,,,KR7272580002,etf_ticker_exact,derived:etf_holding+company_master+PREF01N001
273130,KODEX 종합채권(AA-이상)액티브,etf,,,KR7273130005,etf_ticker_exact,derived:etf_holding+company_master+PREF01N001
273140,KODEX 단기변동금리부채권액티브,etf,,,KR7273140004,etf_ticker_exact,derived:etf_holding+company_master+PREF01N001
277810,레인보우로보틱스,stock,01261644,,,stock_code_exact,derived:etf_holding+company_master+PREF01N001
278280,천보,stock,00897752,,,stock_code_exact,derived:etf_holding+company_master+PREF01N001
278470,에이피알,stock,01190568,,,stock_code_exact,derived:etf_holding+company_master+PREF01N001
278530,KODEX 200TR,etf,,,KR7278530001,etf_ticker_exact,derived:etf_holding+company_master+PREF01N001
279570,케이뱅크,stock,01203312,,,stock_code_exact,derived:etf_holding+company_master+PREF01N001
280360,롯데웰푸드,stock,01258507,,,stock_code_exact,derived:etf_holding+company_master+PREF01N001
280362,롯데웰푸드66-2,,,,,,derived:etf_holding+company_master+PREF01N001
281740,레이크머티리얼즈,stock,01255652,,,stock_code_exact,derived:etf_holding+company_master+PREF01N001
281820,케이씨텍,stock,01261893,,,stock_code_exact,derived:etf_holding+company_master+PREF01N001
282330,BGF리테일,stock,01263022,,,stock_code_exact,derived:etf_holding+company_master+PREF01N001
284740,쿠쿠홈시스,stock,01267684,,,stock_code_exact,derived:etf_holding+company_master+PREF01N001
285130,SK케미칼,stock,01267170,,,stock_code_exact,derived:etf_holding+company_master+PREF01N001
286940,롯데이노베이트,stock,01262032,,,stock_code_exact,derived:etf_holding+company_master+PREF01N001
287840,인투셀,stock,01374443,,,stock_code_exact,derived:etf_holding+company_master+PREF01N001
290650,엘앤씨바이오,stock,01181515,,,stock_code_exact,derived:etf_holding+company_master+PREF01N001
290740,액트로,stock,01141942,,,stock_code_exact,derived:etf_holding+company_master+PREF01N001
292190,KODEX KRX300,etf,,,KR7292190006,etf_ticker_exact,derived:etf_holding+company_master+PREF01N001
293480,하나제약,stock,00248974,,,stock_code_exact,derived:etf_holding+company_master+PREF01N001
293490,카카오게임즈,stock,01137383,,,stock_code_exact,derived:etf_holding+company_master+PREF01N001
293780,압타바이오,stock,01251595,,,stock_code_exact,derived:etf_holding+company_master+PREF01N001
293940,신한알파리츠,stock,01276594,,,stock_code_exact,derived:etf_holding+company_master+PREF01N001
293981,예스코28,,,,,,derived:etf_holding+company_master+PREF01N001
294870,IPARK현대산업개발,stock,01310269,,,stock_code_exact,derived:etf_holding+company_master+PREF01N001
295310,에이치브이엠,stock,01011368,,,stock_code_exact,derived:etf_holding+company_master+PREF01N001
297090,씨에스베어링,stock,00765462,,,stock_code_exact,derived:etf_holding+company_master+PREF01N001
297890,HB솔루션,stock,00523936,,,stock_code_exact,derived:etf_holding+company_master+PREF01N001
298000,효성화학,stock,01316236,,,stock_code_exact,derived:etf_holding+company_master+PREF01N001
298020,효성티앤씨,stock,01316227,,,stock_code_exact,derived:etf_holding+company_master+PREF01N001
298040,효성중공업,stock,01316245,,,stock_code_exact,derived:etf_holding+company_master+PREF01N001
298050,HS효성첨단소재,stock,01316254,,,stock_code_exact,derived:etf_holding+company_master+PREF01N001
298380,에이비엘바이오,stock,01256864,,,stock_code_exact,derived:etf_holding+company_master+PREF01N001
298690,에어부산,stock,00651901,,,stock_code_exact,derived:etf_holding+company_master+PREF01N001
298830,슈어소프트테크,stock,01012640,,,stock_code_exact,derived:etf_holding+company_master+PREF01N001
299030,하나기술,stock,00601191,,,stock_code_exact,derived:etf_holding+company_master+PREF01N001
300720,한일시멘트,stock,01319808,,,stock_code_exact,derived:etf_holding+company_master+PREF01N001
302190,TIGER 중장기국채,etf,,,KR7302190004,etf_ticker_exact,derived:etf_holding+company_master+PREF01N001
302440,SK바이오사이언스,stock,01319899,,,stock_code_exact,derived:etf_holding+company_master+PREF01N001
304100,솔트룩스,stock,01050738,,,stock_code_exact,derived:etf_holding+company_master+PREF01N001
305720,KODEX 2차전지산업,etf,,,KR7305720005,etf_ticker_exact,derived:etf_holding+company_master+PREF01N001
306200,세아제강,stock,01325979,,,stock_code_exact,derived:etf_holding+company_master+PREF01N001
307950,현대오토에버,stock,00362441,,,stock_code_exact,derived:etf_holding+company_master+PREF01N001
308170,씨티알모빌리티,stock,00450010,,,stock_code_exact,derived:etf_holding+company_master+PREF01N001
310200,애니플러스,stock,01335578,,,stock_code_exact,derived:etf_holding+company_master+PREF01N001
310210,보로노이,stock,01327746,,,stock_code_exact,derived:etf_holding+company_master+PREF01N001
310960,TIGER 200TR,etf,,,KR7310960000,etf_ticker_exact,derived:etf_holding+company_master+PREF01N001
314930,바이오다인,stock,01117413,,,stock_code_exact,derived:etf_holding+company_master+PREF01N001
316140,우리금융지주,stock,01350869,,,stock_code_exact,derived:etf_holding+company_master+PREF01N001
316670,KIWOOM 코스닥150,etf,,,KR7316670009,etf_ticker_exact,derived:etf_holding+company_master+PREF01N001
317330,덕산테코피아,stock,01021666,,,stock_code_exact,derived:etf_holding+company_master+PREF01N001
317400,자이에스앤디,stock,00367844,,,stock_code_exact,derived:etf_holding+company_master+PREF01N001
317450,명인제약,stock,00179489,,,stock_code_exact,derived:etf_holding+company_master+PREF01N001
318060,그래피,stock,01565054,,,stock_code_exact,derived:etf_holding+company_master+PREF01N001
319400,현대무벡스,stock,01358463,,,stock_code_exact,derived:etf_holding+company_master+PREF01N001
319660,피에스케이,stock,01365825,,,stock_code_exact,derived:etf_holding+company_master+PREF01N001
321550,티움바이오,stock,01335930,,,stock_code_exact,derived:etf_holding+company_master+PREF01N001
322000,HD현대에너지솔루션,stock,01199550,,,stock_code_exact,derived:etf_holding+company_master+PREF01N001
323280,태성,stock,01366000,,,stock_code_exact,derived:etf_holding+company_master+PREF01N001
323410,카카오뱅크,stock,01133217,,,stock_code_exact,derived:etf_holding+company_master+PREF01N001
323990,박셀바이오,stock,01335851,,,stock_code_exact,derived:etf_holding+company_master+PREF01N001
326030,SK바이오팜,stock,00878696,,,stock_code_exact,derived:etf_holding+company_master+PREF01N001
327260,RF머트리얼즈,stock,01343665,,,stock_code_exact,derived:etf_holding+company_master+PREF01N001
328130,루닛,stock,01397620,,,stock_code_exact,derived:etf_holding+company_master+PREF01N001
329180,HD현대중공업,stock,01390344,,,stock_code_exact,derived:etf_holding+company_master+PREF01N001
329750,TIGER 미국달러단기채권액티브,etf,,,KR7329750004,etf_ticker_exact,derived:etf_holding+company_master+PREF01N001
330590,롯데리츠,stock,01363818,,,stock_code_exact,derived:etf_holding+company_master+PREF01N001
330860,네패스아크,stock,01368354,,,stock_code_exact,derived:etf_holding+company_master+PREF01N001
334890,이지스밸류플러스리츠,stock,01394377,,,stock_code_exact,derived:etf_holding+company_master+PREF01N001
336260,두산퓨얼셀,stock,01412725,,,stock_code_exact,derived:etf_holding+company_master+PREF01N001
336370,솔루스첨단소재,stock,01412822,,,stock_code_exact,derived:etf_holding+company_master+PREF01N001
336570,원텍,stock,01407909,,,stock_code_exact,derived:etf_holding+company_master+PREF01N001
338220,뷰노,stock,01344202,,,stock_code_exact,derived:etf_holding+company_master+PREF01N001
338840,와이바이오로직스,stock,01226234,,,stock_code_exact,derived:etf_holding+company_master+PREF01N001
339770,교촌에프앤비,stock,00453284,,,stock_code_exact,derived:etf_holding+company_master+PREF01N001
340570,티앤엘,stock,00608440,,,stock_code_exact,derived:etf_holding+company_master+PREF01N001
344820,KCC글라스,stock,01428203,,,stock_code_exact,derived:etf_holding+company_master+PREF01N001
347700,스피어,stock,01336762,,,stock_code_exact,derived:etf_holding+company_master+PREF01N001
347850,디앤디파마텍,stock,01376715,,,stock_code_exact,derived:etf_holding+company_master+PREF01N001
348210,넥스틴,stock,01080252,,,stock_code_exact,derived:etf_holding+company_master+PREF01N001
348340,뉴로메카,stock,01336461,,,stock_code_exact,derived:etf_holding+company_master+PREF01N001
348370,엔켐,stock,01011526,,,stock_code_exact,derived:etf_holding+company_master+PREF01N001
348950,제이알글로벌리츠,stock,01415892,,,stock_code_exact,derived:etf_holding+company_master+PREF01N001
352480,씨앤씨인터내셔널,stock,01226410,,,stock_code_exact,derived:etf_holding+company_master+PREF01N001
352820,하이브,stock,01204056,,,stock_code_exact,derived:etf_holding+company_master+PREF01N001
353200,대덕전자,stock,01478712,,,stock_code_exact,derived:etf_holding+company_master+PREF01N001
354320,알멕,stock,00229030,,,stock_code_exact,derived:etf_holding+company_master+PREF01N001
355150,코스텍시스,stock,01476219,,,stock_code_exact,derived:etf_holding+company_master+PREF01N001
356860,티엘비,stock,00920379,,,stock_code_exact,derived:etf_holding+company_master+PREF01N001
357120,코람코라이프인프라리츠,stock,01430475,,,stock_code_exact,derived:etf_holding+company_master+PREF01N001
357580,아모센스,stock,01012987,,,stock_code_exact,derived:etf_holding+company_master+PREF01N001
357780,솔브레인,stock,01489648,,,stock_code_exact,derived:etf_holding+company_master+PREF01N001
357870,TIGER CD금리투자KIS(합성),etf,,,KR7357870005,etf_ticker_exact,derived:etf_holding+company_master+PREF01N001
358570,지아이이노베이션,stock,01351080,,,stock_code_exact,derived:etf_holding+company_master+PREF01N001
360200,ACE 미국S&P500,etf,,,KR7360200000,etf_ticker_exact,derived:etf_holding+company_master+PREF01N001
361390,제노코,stock,01014718,,,stock_code_exact,derived:etf_holding+company_master+PREF01N001
361610,SK아이이테크놀로지,stock,01386916,,,stock_code_exact,derived:etf_holding+company_master+PREF01N001
363280,티와이홀딩스,stock,01497869,,,stock_code_exact,derived:etf_holding+company_master+PREF01N001
364960,TIGER BBIG,etf,,,KR7364960005,etf_ticker_exact,derived:etf_holding+company_master+PREF01N001
364980,TIGER 2차전지TOP10,etf,,,KR7364980003,etf_ticker_exact,derived:etf_holding+company_master+PREF01N001
365340,성일하이텍,stock,01274329,,,stock_code_exact,derived:etf_holding+company_master+PREF01N001
365550,ESR켄달스퀘어리츠,stock,01437186,,,stock_code_exact,derived:etf_holding+company_master+PREF01N001
367380,ACE 미국나스닥100,etf,,,KR7367380003,etf_ticker_exact,derived:etf_holding+company_master+PREF01N001
368770,파이버프로,stock,01513440,,,stock_code_exact,derived:etf_holding+company_master+PREF01N001
372170,윤성에프앤씨,stock,00925374,,,stock_code_exact,derived:etf_holding+company_master+PREF01N001
372320,큐로셀,stock,01492651,,,stock_code_exact,derived:etf_holding+company_master+PREF01N001
372910,한컴라이프케어,stock,00534598,,,stock_code_exact,derived:etf_holding+company_master+PREF01N001
373220,LG에너지솔루션,stock,01515323,,,stock_code_exact,derived:etf_holding+company_master+PREF01N001
375500,DL이앤씨,stock,01524093,,,stock_code_exact,derived:etf_holding+company_master+PREF01N001
376270,HEM파마,stock,01480708,,,stock_code_exact,derived:etf_holding+company_master+PREF01N001
376300,디어유,stock,01456011,,,stock_code_exact,derived:etf_holding+company_master+PREF01N001
376900,로킷헬스케어,stock,01335143,,,stock_code_exact,derived:etf_holding+company_master+PREF01N001
377190,디앤디플랫폼리츠,stock,01475609,,,stock_code_exact,derived:etf_holding+company_master+PREF01N001
377300,카카오페이,stock,01244601,,,stock_code_exact,derived:etf_holding+company_master+PREF01N001
377740,바이오노트,stock,00622787,,,stock_code_exact,derived:etf_holding+company_master+PREF01N001
378340,필에너지,stock,01488320,,,stock_code_exact,derived:etf_holding+company_master+PREF01N001
378850,화승알앤에이,stock,01532603,,,stock_code_exact,derived:etf_holding+company_master+PREF01N001
380550,뉴로핏,stock,01782004,,,stock_code_exact,derived:etf_holding+company_master+PREF01N001
381970,케이카,stock,01323032,,,stock_code_exact,derived:etf_holding+company_master+PREF01N001
382800,지앤비에스 에코,stock,00958327,,,stock_code_exact,derived:etf_holding+company_master+PREF01N001
382900,범한퓨얼셀,stock,01435489,,,stock_code_exact,derived:etf_holding+company_master+PREF01N001
383220,F&F,stock,01568413,,,stock_code_exact,derived:etf_holding+company_master+PREF01N001
383310,에코프로에이치엔,stock,01566248,,,stock_code_exact,derived:etf_holding+company_master+PREF01N001
383800,LX홀딩스,stock,01562589,,,stock_code_exact,derived:etf_holding+company_master+PREF01N001
388050,지투파워,stock,01462605,,,stock_code_exact,derived:etf_holding+company_master+PREF01N001
388210,씨엠티엑스,stock,01529982,,,stock_code_exact,derived:etf_holding+company_master+PREF01N001
388720,유일로보틱스,stock,01152586,,,stock_code_exact,derived:etf_holding+company_master+PREF01N001
389030,지니너스,stock,01494154,,,stock_code_exact,derived:etf_holding+company_master+PREF01N001
389140,포바이포,stock,01513699,,,stock_code_exact,derived:etf_holding+company_master+PREF01N001
389260,대명에너지,stock,01150515,,,stock_code_exact,derived:etf_holding+company_master+PREF01N001
389470,인벤티지랩,stock,01516456,,,stock_code_exact,derived:etf_holding+company_master+PREF01N001
389500,에스비비테크,stock,00567897,,,stock_code_exact,derived:etf_holding+company_master+PREF01N001
389650,넥스트바이오메디컬,stock,01385050,,,stock_code_exact,derived:etf_holding+company_master+PREF01N001
390390,KODEX 미국반도체,etf,,,KR7390390003,etf_ticker_exact,derived:etf_holding+company_master+PREF01N001
393890,더블유씨피,stock,01291317,,,stock_code_exact,derived:etf_holding+company_master+PREF01N001
394280,오픈엣지테크놀로지,stock,01571107,,,stock_code_exact,derived:etf_holding+company_master+PREF01N001
394420,리센스메디컬,stock,01685677,,,stock_code_exact,derived:etf_holding+company_master+PREF01N001
394800,쓰리빌리언,stock,01506617,,,stock_code_exact,derived:etf_holding+company_master+PREF01N001
395160,KODEX AI반도체TOP2플러스,etf,,,KR7395160005,etf_ticker_exact,derived:etf_holding+company_master+PREF01N001
395400,SK리츠,stock,01535150,,,stock_code_exact,derived:etf_holding+company_master+PREF01N001
396500,TIGER 반도체TOP10,etf,,,KR7396500001,etf_ticker_exact,derived:etf_holding+company_master+PREF01N001
397030,에이프릴바이오,stock,01375822,,,stock_code_exact,derived:etf_holding+company_master+PREF01N001
399720,가온칩스,stock,01364747,,,stock_code_exact,derived:etf_holding+company_master+PREF01N001
400760,NH올원리츠,stock,01480780,,,stock_code_exact,derived:etf_holding+company_master+PREF01N001
402340,SK스퀘어,stock,01596425,,,stock_code_exact,derived:etf_holding+company_master+PREF01N001
403550,쏘카,stock,01026157,,,stock_code_exact,derived:etf_holding+company_master+PREF01N001
403850,더핑크퐁컴퍼니,stock,01138364,,,stock_code_exact,derived:etf_holding+company_master+PREF01N001
403870,HPSP,stock,01288827,,,stock_code_exact,derived:etf_holding+company_master+PREF01N001
404990,신한서부티엔디리츠,stock,01436558,,,stock_code_exact,derived:etf_holding+company_master+PREF01N001
408900,스튜디오미르,stock,01139965,,,stock_code_exact,derived:etf_holding+company_master+PREF01N001
415640,KB발해인프라,stock,01880801,,,stock_code_exact,derived:etf_holding+company_master+PREF01N001
416180,신성에스티,stock,00761183,,,stock_code_exact,derived:etf_holding+company_master+PREF01N001
417010,나노팀,stock,01524118,,,stock_code_exact,derived:etf_holding+company_master+PREF01N001
417200,LS머트리얼즈,stock,01528141,,,stock_code_exact,derived:etf_holding+company_master+PREF01N001
417310,코람코더원리츠,stock,01180118,,,stock_code_exact,derived:etf_holding+company_master+PREF01N001
417840,저스템,stock,01383229,,,stock_code_exact,derived:etf_holding+company_master+PREF01N001
418470,KT밀리의서재,stock,01467451,,,stock_code_exact,derived:etf_holding+company_master+PREF01N001
418550,제이오,stock,00411808,,,stock_code_exact,derived:etf_holding+company_master+PREF01N001
419530,SAMG엔터,stock,01082418,,,stock_code_exact,derived:etf_holding+company_master+PREF01N001
420770,기가비스,stock,00765569,,,stock_code_exact,derived:etf_holding+company_master+PREF01N001
421093,POSCO313-3,,,,,,derived:etf_holding+company_master+PREF01N001
425420,티에프이,stock,01035368,,,stock_code_exact,derived:etf_holding+company_master+PREF01N001
432320,KB스타리츠,stock,01622720,,,stock_code_exact,derived:etf_holding+company_master+PREF01N001
432720,퀄리타스반도체,stock,01584183,,,stock_code_exact,derived:etf_holding+company_master+PREF01N001
437730,삼현,stock,00262266,,,stock_code_exact,derived:etf_holding+company_master+PREF01N001
438330,TIGER 우량회사채액티브,etf,,,KR7438330003,etf_ticker_exact,derived:etf_holding+company_master+PREF01N001
439090,마녀공장,stock,01136977,,,stock_code_exact,derived:etf_holding+company_master+PREF01N001
439260,대한조선,stock,00182696,,,stock_code_exact,derived:etf_holding+company_master+PREF01N001
439860,KODEX ESG종합채권(A-이상)액티브,etf,,,KR7439860008,etf_ticker_exact,derived:etf_holding+company_master+PREF01N001
440110,파두,stock,01292291,,,stock_code_exact,derived:etf_holding+company_master+PREF01N001
441270,파인엠텍,stock,01686755,,,stock_code_exact,derived:etf_holding+company_master+PREF01N001
442580,PLUS 글로벌HBM반도체,etf,,,KR7442580007,etf_ticker_exact,derived:etf_holding+company_master+PREF01N001
443060,HD현대마린솔루션,stock,01194689,,,stock_code_exact,derived:etf_holding+company_master+PREF01N001
445090,에이직랜드,stock,01540453,,,stock_code_exact,derived:etf_holding+company_master+PREF01N001
445290,KODEX 로봇액티브,etf,,,KR7445290000,etf_ticker_exact,derived:etf_holding+company_master+PREF01N001
445680,큐리옥스바이오시스템즈,stock,01498974,,,stock_code_exact,derived:etf_holding+company_master+PREF01N001
446070,유니드비티플러스,stock,01702017,,,stock_code_exact,derived:etf_holding+company_master+PREF01N001
446540,메가터치,stock,00923516,,,stock_code_exact,derived:etf_holding+company_master+PREF01N001
448730,삼성FN리츠,stock,01688896,,,stock_code_exact,derived:etf_holding+company_master+PREF01N001
448900,한국피아이엠,stock,00765897,,,stock_code_exact,derived:etf_holding+company_master+PREF01N001
450080,에코프로머티,stock,01311408,,,stock_code_exact,derived:etf_holding+company_master+PREF01N001
450910,SOL 코스닥150,etf,,,KR7450910005,etf_ticker_exact,derived:etf_holding+company_master+PREF01N001
450950,아스테라시스,stock,01590528,,,stock_code_exact,derived:etf_holding+company_master+PREF01N001
451800,한화리츠,stock,01669226,,,stock_code_exact,derived:etf_holding+company_master+PREF01N001
452260,한화갤러리아,stock,01722437,,,stock_code_exact,derived:etf_holding+company_master+PREF01N001
452280,한선엔지니어링,stock,00958451,,,stock_code_exact,derived:etf_holding+company_master+PREF01N001
453340,현대그린푸드,stock,01721809,,,stock_code_exact,derived:etf_holding+company_master+PREF01N001
453870,TIGER 인도니프티50,etf,,,KR7453870008,etf_ticker_exact,derived:etf_holding+company_master+PREF01N001
454910,두산로보틱스,stock,01105153,,,stock_code_exact,derived:etf_holding+company_master+PREF01N001
455030,KODEX 미국달러SOFR금리액티브(합성),etf,,,KR7455030007,etf_ticker_exact,derived:etf_holding+company_master+PREF01N001
455900,엔젤로보틱스,stock,01592049,,,stock_code_exact,derived:etf_holding+company_master+PREF01N001
456040,OCI,stock,01760738,,,stock_code_exact,derived:etf_holding+company_master+PREF01N001
456160,지투지바이오,stock,01577952,,,stock_code_exact,derived:etf_holding+company_master+PREF01N001
456610,TIGER 미국달러SOFR금리액티브(합성),etf,,,KR7456610005,etf_ticker_exact,derived:etf_holding+company_master+PREF01N001
457190,이수스페셜티케미컬,stock,01762569,,,stock_code_exact,derived:etf_holding+company_master+PREF01N001
457550,우진엔텍,stock,01030503,,,stock_code_exact,derived:etf_holding+company_master+PREF01N001
457690,KODEX 33-06 국고채액티브,etf,,,KR7457690006,etf_ticker_exact,derived:etf_holding+company_master+PREF01N001
457700,KODEX 53-09 국고채액티브,etf,,,KR7457700003,etf_ticker_exact,derived:etf_holding+company_master+PREF01N001
458870,씨어스,stock,01514227,,,stock_code_exact,derived:etf_holding+company_master+PREF01N001
459510,나우로보틱스,stock,01594791,,,stock_code_exact,derived:etf_holding+company_master+PREF01N001
460850,동국씨엠,stock,01765256,,,stock_code_exact,derived:etf_holding+company_master+PREF01N001
460860,동국제강,stock,01765265,,,stock_code_exact,derived:etf_holding+company_master+PREF01N001
460930,현대힘스,stock,00667373,,,stock_code_exact,derived:etf_holding+company_master+PREF01N001
461300,아이스크림미디어,stock,00657224,,,stock_code_exact,derived:etf_holding+company_master+PREF01N001
461450,KODEX 코스닥글로벌,etf,,,KR7461450009,etf_ticker_exact,derived:etf_holding+company_master+PREF01N001
462520,조선내화,stock,01770203,,,stock_code_exact,derived:etf_holding+company_master+PREF01N001
462870,시프트업,stock,01384787,,,stock_code_exact,derived:etf_holding+company_master+PREF01N001
464080,에스오에스랩,stock,01686427,,,stock_code_exact,derived:etf_holding+company_master+PREF01N001
465770,STX그린로지스,stock,01784394,,,stock_code_exact,derived:etf_holding+company_master+PREF01N001
466100,클로봇,stock,01784914,,,stock_code_exact,derived:etf_holding+company_master+PREF01N001
466950,TIGER 글로벌AI액티브,etf,,,KR7466950003,etf_ticker_exact,derived:etf_holding+company_master+PREF01N001
468530,프로티나,stock,01688568,,,stock_code_exact,derived:etf_holding+company_master+PREF01N001
469530,RISE 미국달러선물인버스,etf,,,KR7469530000,etf_ticker_exact,derived:etf_holding+company_master+PREF01N001
471230,KODEX 국고채10년액티브,etf,,,KR7471230003,etf_ticker_exact,derived:etf_holding+company_master+PREF01N001
471760,TIGER AI반도체핵심공정,etf,,,KR7471760009,etf_ticker_exact,derived:etf_holding+company_master+PREF01N001
473980,노머스,stock,01703849,,,stock_code_exact,derived:etf_holding+company_master+PREF01N001
474170,루미르,stock,01636565,,,stock_code_exact,derived:etf_holding+company_master+PREF01N001
475150,SK이터닉스,stock,01817081,,,stock_code_exact,derived:etf_holding+company_master+PREF01N001
475400,씨메스로보틱스,stock,01588189,,,stock_code_exact,derived:etf_holding+company_master+PREF01N001
475560,더본코리아,stock,00968607,,,stock_code_exact,derived:etf_holding+company_master+PREF01N001
475830,오름테라퓨틱,stock,01658831,,,stock_code_exact,derived:etf_holding+company_master+PREF01N001
475960,토모큐브,stock,01573336,,,stock_code_exact,derived:etf_holding+company_master+PREF01N001
476060,온코닉테라퓨틱스,stock,01632912,,,stock_code_exact,derived:etf_holding+company_master+PREF01N001
476830,알지노믹스,stock,01596920,,,stock_code_exact,derived:etf_holding+company_master+PREF01N001
478560,블랙야크아이앤씨,stock,01718407,,,stock_code_exact,derived:etf_holding+company_master+PREF01N001
480370,씨케이솔루션,stock,01210677,,,stock_code_exact,derived:etf_holding+company_master+PREF01N001
483650,달바글로벌,stock,01649204,,,stock_code_exact,derived:etf_holding+company_master+PREF01N001
484590,삼양컴텍,stock,00141583,,,stock_code_exact,derived:etf_holding+company_master+PREF01N001
484870,엠앤씨솔루션,stock,01519790,,,stock_code_exact,derived:etf_holding+company_master+PREF01N001
485540,KODEX 미국AI테크TOP10,etf,,,KR7485540009,etf_ticker_exact,derived:etf_holding+company_master+PREF01N001
486990,노타,stock,01810477,,,stock_code_exact,derived:etf_holding+company_master+PREF01N001
487230,KODEX 미국AI전력핵심인프라,etf,,,KR7487230005,etf_ticker_exact,derived:etf_holding+company_master+PREF01N001
487240,KODEX AI전력핵심설비,etf,,,KR7487240004,etf_ticker_exact,derived:etf_holding+company_master+PREF01N001
487570,HS효성,stock,01854763,,,stock_code_exact,derived:etf_holding+company_master+PREF01N001
488770,KODEX 머니마켓액티브,etf,,,KR7488770009,etf_ticker_exact,derived:etf_holding+company_master+PREF01N001
489790,한화비전,stock,01867758,,,stock_code_exact,derived:etf_holding+company_master+PREF01N001
490470,세미파이브,stock,01627363,,,stock_code_exact,derived:etf_holding+company_master+PREF01N001
491000,리브스메드,stock,01385005,,,stock_code_exact,derived:etf_holding+company_master+PREF01N001
499660,TIGER CD금리플러스액티브(합성),etf,,,KR7499660009,etf_ticker_exact,derived:etf_holding+company_master+PREF01N001
499790,GS피앤엘,stock,01882845,,,stock_code_exact,derived:etf_holding+company_master+PREF01N001
